1592926011.000000, 1592926011.000000, 1592926011.000000
32.000000, 32.000000, 32.000000
-2,1,64
-2,1,64
-1,1,64
-2,1,64
-2,1,64
-2,1,64
-2,1,64
-2,1,64
-3,1,64
-3,1,64
-3,1,64
-4,0,64
-4,1,63
-4,1,64
-3,1,64
-4,1,64
-4,1,64
-4,1,64
-3,1,64
-3,1,64
-3,1,64
-4,1,64
-4,1,64
-4,0,64
-3,1,64
-3,1,64
-3,1,63
-3,1,64
-4,0,63
-3,1,64
-2,1,64
-2,1,64
-2,1,64
-2,1,63
-2,1,64
-2,1,64
-3,1,63
-4,0,64
-4,0,65
-3,0,64
-2,1,64
-3,1,63
-3,1,64
-3,1,64
-2,1,64
-2,1,64
-2,1,64
-1,1,64
-1,2,64
-1,1,64
-1,1,64
-1,1,64
-1,1,64
-1,1,64
-1,1,64
-2,1,63
-1,1,64
-1,1,63
-1,1,64
-1,1,64
-1,1,64
-1,1,64
-2,1,64
-2,1,64
-2,1,64
-2,1,64
-2,0,64
-2,1,64
-2,1,64
-2,0,63
-1,1,64
-1,1,64
-1,1,64
-1,1,63
-1,1,64
-1,1,64
-1,2,64
-2,0,64
-2,0,63
-2,1,64
-2,1,64
-2,1,64
-2,1,63
-2,1,64
-2,1,64
-2,1,64
-2,1,64
-2,1,64
-2,1,64
-2,1,64
-2,1,64
-2,1,64
-1,1,64
-2,1,63
-2,1,64
-2,1,64
-2,1,64
-2,1,64
-2,1,64
-2,1,64
-2,1,64
-2,1,64
-2,1,64
-2,1,64
-2,1,64
-2,1,64
-2,1,64
-2,1,64
-2,1,64
-2,0,64
-2,1,64
-2,1,64
-2,1,64
-2,1,64
-2,1,64
-2,1,64
-2,1,64
-2,1,64
-2,1,64
-2,1,64
-2,1,64
-2,1,64
-2,1,63
-2,1,64
-2,1,64
-2,1,64
-2,1,64
-2,1,64
-2,1,64
-2,1,64
-2,1,64
-2,1,64
-2,1,64
-2,0,64
-2,1,64
-2,1,64
-2,1,64
-2,1,64
-2,1,64
-2,1,64
-2,1,64
-2,0,64
-2,1,64
-2,1,63
-2,1,64
-2,1,64
-2,1,64
-2,0,64
-2,1,64
-2,1,64
-2,1,64
-2,0,64
-2,1,64
-2,1,64
-2,1,64
-1,1,64
-2,1,64
-2,1,64
-2,1,64
-2,1,64
-1,1,64
-2,1,64
-2,1,64
-2,1,64
-2,1,64
-2,1,64
-2,1,64
-2,1,64
-2,1,64
-2,0,64
-2,1,64
-2,1,64
-2,1,64
-2,1,64
-2,1,64
-2,1,64
-2,1,64
-1,1,64
-2,1,64
-2,1,64
-2,1,64
-2,0,64
-2,1,64
-2,1,64
-1,1,64
-2,1,64
-2,1,64
-2,1,63
-2,1,64
-1,1,64
-1,1,64
-2,1,64
-2,1,64
-2,1,64
-3,1,64
-2,1,64
-3,1,64
-2,1,64
-2,1,64
-2,1,64
-1,1,64
-1,1,64
-2,1,64
-2,0,64
0,1,64
0,1,64
0,1,64
-1,1,64
-1,1,64
-2,0,63
-3,0,64
-3,0,64
-3,1,64
-3,1,64
-3,1,64
-4,0,64
-4,0,64
-3,1,64
-3,1,64
-3,1,64
-3,0,64
-2,0,64
-3,1,64
-2,1,64
-2,0,64
-2,1,64
-2,0,64
-2,1,64
-2,1,64
-2,0,64
-2,0,64
-1,0,64
-1,0,64
-1,1,64
-2,0,64
-2,0,64
-3,1,64
-2,1,64
-3,0,64
-3,1,64
-3,1,64
-3,0,64
-3,0,64
-3,0,64
-3,1,64
-3,0,64
-3,1,64
-3,0,64
-3,1,64
-2,0,64
-3,1,64
-2,1,64
-3,1,64
-3,0,63
-2,1,64
-2,0,64
-2,1,64
-2,1,64
-2,1,64
-2,0,64
-3,1,64
-3,0,64
-3,1,64
-2,0,64
-3,1,64
-3,0,64
-2,1,64
-2,1,64
-3,0,64
-3,0,64
-3,0,63
-2,0,64
-3,1,64
-3,0,64
-2,0,64
-3,0,64
-3,0,64
-3,0,64
-2,0,64
-2,0,64
-3,1,64
-2,0,64
-3,0,64
-3,0,64
-3,0,64
-3,0,64
-3,0,63
-3,0,64
-2,1,64
-2,1,64
-3,0,64
-3,0,65
-4,-1,63
-3,0,64
-2,0,64
-3,1,64
-2,1,64
-2,1,64
-2,1,64
-2,1,64
-2,0,64
-2,0,64
-2,0,64
-2,0,64
-3,1,64
-2,0,64
-4,0,65
-6,-2,70
-4,-6,93
3,5,89
-6,-7,81
25,-3,89
12,4,81
12,3,69
1,13,39
6,20,37
6,27,34
3,37,26
8,43,28
10,54,33
8,51,30
5,50,29
0,50,29
1,49,38
0,50,37
1,50,37
4,52,41
6,52,40
9,51,40
9,52,41
10,52,39
8,52,38
6,52,38
5,53,38
5,52,35
5,53,35
2,53,34
2,53,34
3,53,35
3,53,35
4,53,35
4,53,36
5,53,38
6,52,37
6,52,38
6,52,37
5,52,38
6,52,38
5,51,38
6,52,39
5,51,40
6,51,41
7,50,40
7,50,41
6,50,40
6,50,41
7,50,40
7,50,41
7,49,40
7,49,41
7,50,41
7,50,42
7,49,42
7,49,41
7,49,42
7,49,41
8,49,42
7,49,41
8,49,41
8,49,41
8,49,42
9,49,41
9,49,41
8,49,42
9,49,42
9,48,42
8,48,42
8,48,43
8,48,43
9,48,43
8,48,42
9,48,43
8,48,42
8,48,42
9,48,42
9,48,41
10,48,41
11,48,41
11,49,42
10,48,45
1,45,47
0,46,48
-1,48,47
12,48,43
9,46,37
-1,46,29
10,50,31
7,43,27
1,45,26
10,44,42
11,39,45
6,32,49
5,25,53
8,21,54
7,15,61
12,14,70
11,11,73
8,9,69
2,7,75
5,6,71
9,9,70
0,7,69
-1,7,67
0,7,65
-4,7,64
-8,7,64
-7,6,63
-5,7,63
-2,5,61
-4,4,66
-5,5,67
-5,5,64
-5,4,64
-7,4,64
-7,4,65
-6,3,65
-6,2,64
-4,4,64
-6,4,64
-8,3,63
-11,-1,64
-12,1,63
-9,3,64
-8,2,65
-10,1,65
-8,-1,62
-9,4,67
-7,5,75
-7,-1,70
-2,5,61
-1,5,57
3,8,58
3,6,55
5,7,55
10,6,58
8,6,61
3,5,65
-1,4,72
-6,2,67
-7,2,65
0,3,64
0,3,64
-1,4,64
-2,4,64
-2,4,63
-1,4,64
-2,4,64
-2,4,64
-2,4,64
-1,4,63
-1,4,64
-1,4,64
-1,4,64
-1,4,64
-1,4,64
-1,4,64
-1,4,64
-1,4,64
-2,4,64
-1,4,63
-2,4,64
-1,4,64
-2,4,64
-4,2,70
-4,3,70
0,7,75
8,-4,86
7,-6,78
3,0,47
51,18,68
45,24,71
26,18,62
29,18,64
37,18,67
-30,30,19
11,25,29
7,38,53
37,43,44
-5,38,21
0,41,51
8,45,51
17,43,49
12,41,34
0,43,37
4,41,43
5,40,44
3,39,40
-8,37,46
11,37,53
19,31,46
3,15,34
-9,24,66
-3,23,80
7,5,63
12,6,60
17,6,65
20,4,66
16,3,69
14,1,74
17,3,78
16,-6,87
-14,-4,67
-27,3,61
-19,-6,59
-12,1,65
-5,-1,64
-5,1,64
-8,1,63
-8,1,63
-10,0,63
-12,1,63
-11,1,63
-10,1,63
-11,2,63
-11,2,63
-12,2,63
-11,1,63
-9,1,63
-9,2,63
-10,1,63
-10,1,63
-10,1,63
-9,2,63
-9,2,63
-10,1,63
-10,2,63
-10,2,63
-10,1,63
-9,2,64
-9,2,63
-9,2,63
-10,2,63
-10,1,63
-9,2,64
-10,2,64
-10,1,63
-11,1,63
-10,1,63
-9,2,63
-10,1,63
-10,1,63
-7,1,64
-13,0,64
-16,-1,62
-21,-1,63
-9,2,62
-4,5,62
1,6,63
2,2,64
5,2,65
-1,4,65
-12,1,64
-8,-1,64
-7,3,61
-6,4,63
-7,-2,64
-5,2,63
-6,2,63
-7,1,63
-5,-1,64
-5,-1,64
-6,1,63
-6,2,64
-7,1,64
-8,0,63
-6,1,64
-7,0,64
-10,0,64
-10,0,63
-9,-1,63
-10,-1,63
-8,0,64
-10,-1,63
-9,0,63
-9,-1,63
-10,-1,63
-10,-1,63
-9,-1,63
-10,-2,64
-10,-1,63
-11,-1,62
-13,0,62
-11,-1,63
-11,0,61
-14,-1,62
-13,-2,62
-14,0,63
-14,0,63
-12,-1,63
-12,1,63
-14,-2,62
-12,-1,63
-12,1,64
-10,2,63
-11,1,64
-12,0,63
-13,0,63
-14,0,62
-15,-4,62
-13,2,64
-12,1,63
-14,0,63
-13,-1,63
-12,0,64
-10,-1,64
-11,-1,64
-5,5,66
-6,0,68
-4,1,66
2,3,62
-1,4,64
-1,5,67
6,1,70
0,-1,76
0,4,82
3,2,85
-4,4,84
-3,4,82
-7,11,71
-4,17,69
-6,18,57
-17,23,46
-22,26,39
-17,37,32
-8,32,22
-3,37,14
0,48,12
7,44,19
7,48,21
9,52,24
21,58,30
33,63,35
14,56,34
12,56,40
15,60,42
17,63,47
9,53,45
2,54,39
2,51,36
5,52,39
-1,47,36
-1,46,34
-2,48,34
-3,44,44
-2,43,42
5,43,40
15,43,40
2,35,43
-5,34,38
-3,40,39
-4,36,46
0,37,49
8,43,60
4,39,65
-8,22,65
-40,15,63
-36,13,60
-32,0,58
-42,-11,56
-36,-6,59
-21,9,63
-29,15,70
-34,16,70
-37,12,64
-21,6,65
-20,10,66
-19,13,61
-19,11,57
-16,11,59
-12,5,69
-13,6,70
-20,7,62
-22,6,57
-23,5,57
-22,1,61
-14,0,66
-12,1,67
-10,3,66
-15,3,64
-16,4,63
-16,3,62
-18,3,62
-17,2,62
-16,0,61
-14,0,62
-14,0,63
-11,1,63
-13,1,61
-8,3,56
-18,1,53
-22,1,52
-29,3,63
-25,-12,71
-19,-18,69
-22,-15,60
-23,-15,57
-20,-14,58
-25,-13,60
-22,-11,63
-19,-8,64
-18,-7,63
-20,-7,61
-20,-7,60
-21,-7,58
-22,-7,57
-24,-7,59
-21,-7,59
-20,-7,60
-20,-7,61
-19,-6,61
-19,-6,60
-20,-5,61
-20,-4,61
-20,-4,61
-19,-3,61
-19,-2,61
-19,-1,61
-18,0,62
-18,0,62
-18,1,61
-18,0,61
-16,1,62
-15,2,62
-15,3,62
-15,3,62
-16,3,63
-17,2,63
-15,2,60
-15,1,59
-24,-2,61
-19,0,63
-13,0,61
-17,-3,62
-19,-6,62
-23,-8,59
-23,-9,58
-18,-7,61
-16,-7,61
-17,-8,61
-21,-10,61
-21,-12,60
-21,-12,60
-19,-13,60
-20,-13,60
-21,-13,59
-21,-14,60
-20,-15,59
-19,-14,59
-22,-16,59
-22,-16,59
-22,-16,59
-21,-15,59
-21,-15,59
-21,-15,59
-21,-15,60
-20,-14,60
-20,-13,59
-20,-12,59
-20,-12,59
-20,-11,60
-20,-11,60
-20,-11,60
-20,-9,60
-20,-8,60
-20,-7,60
-20,-6,61
-18,-4,61
-19,-4,61
-18,-3,62
-16,-2,62
-14,-1,62
-13,-1,64
-10,-1,66
-8,1,66
-20,1,57
-23,2,56
-19,4,59
-14,9,64
-11,8,63
-4,7,63
-4,4,65
-6,3,66
-14,2,62
-13,1,61
-12,0,62
-11,-1,64
-10,-1,64
-15,-2,62
-14,-6,62
-12,-7,62
-13,-7,62
-14,-8,62
-14,-8,63
-13,-9,62
-15,-10,61
-15,-10,61
-16,-11,61
-17,-12,61
-17,-12,60
-17,-13,60
-16,-13,61
-16,-14,60
-17,-15,59
-17,-16,59
-19,-16,59
-20,-17,63
-25,-17,63
-20,-17,61
-10,-13,61
-11,-11,58
-5,-17,63
-5,-13,64
-9,-13,61
-18,-14,57
-16,-13,59
-14,-12,61
-13,-12,63
-13,-12,62
-14,-11,62
-17,-10,60
-18,-10,60
-19,-9,61
-16,-8,61
-15,-7,61
-13,-6,62
-13,-5,62
-13,-4,62
-13,-3,62
-12,-2,62
-12,-2,63
-11,-1,63
-11,0,63
-11,0,63
-10,1,63
-10,1,64
-10,1,64
-9,1,64
-10,0,63
-11,0,63
-11,0,63
-11,0,63
-11,0,63
-11,0,63
-11,0,63
-13,-1,63
-13,-2,62
-12,-2,62
-11,-3,62
-12,-4,62
-13,-5,62
-15,-6,62
-15,-6,62
-15,-7,61
-14,-8,61
-15,-9,62
-16,-9,61
-17,-10,61
-17,-11,61
-17,-11,61
-18,-12,60
-18,-12,60
-19,-13,60
-19,-14,60
-19,-14,60
-20,-15,59
-20,-15,59
-20,-16,59
-20,-15,59
-20,-15,59
-20,-15,60
-20,-15,60
-20,-14,60
-20,-14,60
-20,-14,60
-19,-13,60
-19,-13,59
-18,-12,60
-19,-12,60
-19,-11,60
-18,-11,60
-18,-10,60
-17,-9,61
-17,-9,61
-18,-8,61
-17,-7,61
-17,-7,61
-15,-6,61
-14,-4,62
-14,-4,62
-14,-4,62
-14,-3,62
-14,-3,62
-13,-2,62
-13,-2,62
-13,-1,63
-13,-1,63
-12,0,63
-12,0,63
-12,-1,63
-12,-1,63
-12,-1,63
-13,-1,63
-12,-1,63
-12,-1,62
-13,-2,62
-14,-2,63
-15,-3,62
-16,-4,61
-15,-5,61
-14,-5,62
-14,-5,62
-15,-6,62
-16,-7,61
-17,-8,61
-17,-8,61
-18,-9,61
-19,-10,60
-19,-10,60
-20,-11,60
-20,-12,60
-21,-13,59
-21,-13,59
-22,-14,59
-23,-15,59
-23,-15,58
-23,-16,58
-24,-16,58
-24,-16,58
-24,-16,58
-24,-16,59
-24,-16,59
-23,-16,58
-22,-15,58
-22,-15,59
-22,-14,58
-22,-14,59
-21,-13,59
-20,-13,59
-20,-12,60
-20,-12,60
-21,-11,60
-20,-10,60
-19,-10,60
-18,-9,60
-18,-8,61
-17,-7,61
-17,-7,61
-17,-6,61
-17,-5,61
-16,-5,61
-15,-4,62
-15,-3,62
-14,-3,62
-14,-2,62
-14,-2,62
-14,-2,63
-13,-2,62
-14,-1,63
-13,-1,63
-13,-1,62
-13,-1,63
-14,-1,63
-14,-2,62
-14,-2,62
-14,-2,62
-15,-3,62
-15,-3,62
-15,-4,62
-14,-4,61
-15,-5,62
-16,-5,62
-16,-6,62
-17,-7,61
-17,-7,61
-18,-8,61
-18,-9,61
-19,-10,61
-20,-11,60
-21,-11,59
-21,-12,59
-21,-13,59
-22,-14,59
-22,-14,59
-23,-16,58
-24,-16,58
-24,-17,57
-24,-19,58
-26,-18,57
-27,-17,57
-23,-16,57
-24,-15,58
-25,-16,59
-22,-16,59
-22,-16,59
-23,-15,58
-23,-14,57
-22,-13,57
-20,-12,59
-20,-13,60
-21,-13,60
-22,-12,59
-21,-11,59
-19,-10,59
-18,-9,60
-18,-8,61
-18,-8,61
-18,-7,61
-17,-7,61
-17,-6,61
-16,-5,61
-16,-5,62
-16,-4,62
-15,-3,62
-14,-3,62
-14,-3,62
-15,-2,62
-14,-2,62
-14,-2,62
-14,-2,62
-14,-1,62
-13,-2,63
-14,-2,63
-14,-3,65
-15,-6,69
-8,-4,72
-1,-11,84
-32,-13,74
-25,-11,67
-15,-2,66
-15,6,59
-17,10,55
-18,16,52
-21,15,53
-21,15,56
-16,18,56
-16,17,58
-17,18,62
-12,18,61
-14,17,60
-12,17,62
-9,16,62
-10,15,61
-16,16,58
-16,16,57
-19,15,57
-21,15,57
-18,16,55
-14,17,53
-17,20,52
-16,23,53
-15,24,52
-20,28,48
-25,29,48
-26,33,49
-25,35,46
-27,35,44
-42,34,48
-58,28,48
-55,29,48
-36,29,43
-27,25,44
-33,20,38
-42,20,20
-67,24,0
-80,23,-5
-62,17,5
-55,17,8
-61,9,6
-64,3,6
-73,4,1
-67,3,-2
-68,5,-1
-67,10,-1
-60,14,-7
-34,22,7
-53,25,-10
-70,27,-37
-55,27,-28
-61,29,-28
-53,35,-25
-51,31,-12
-53,34,-14
-57,37,-16
-57,29,-13
-59,32,-13
-57,29,-6
-59,28,-2
-65,27,1
-70,23,-4
-69,23,-5
-60,24,-1
-54,20,-1
-52,19,-2
-55,21,-1
-59,19,-5
-59,20,-5
-58,24,1
-61,26,2
-59,27,-1
-62,25,0
-62,24,-1
-60,23,-1
-58,19,2
-55,16,3
-55,17,9
-61,21,5
-60,22,1
-62,29,4
-62,23,1
-60,23,-2
-59,25,-1
-59,26,-1
-62,25,-1
-61,23,-5
-60,21,-2
-62,21,-6
-60,21,-4
-61,20,-4
-67,18,-9
-83,21,-11
-85,22,-15
-53,14,9
-45,23,24
-53,28,21
-54,24,27
-53,24,23
-58,24,13
-61,23,1
-56,24,0
-60,22,1
-61,23,1
-60,22,5
-55,22,5
-52,28,-1
-52,28,0
-57,26,5
-57,28,4
-57,29,5
-58,29,4
-58,29,5
-56,29,4
-59,28,5
-59,27,6
-56,27,5
-56,29,4
-58,28,4
-58,29,3
-61,28,3
-59,27,2
-58,27,3
-56,27,3
-57,28,2
-57,28,2
-59,28,3
-59,28,3
-61,28,2
-59,27,3
-58,27,3
-56,26,3
-59,27,2
-58,27,3
-59,27,2
-58,28,2
-59,28,2
-58,28,2
-58,28,3
-58,28,3
-58,28,3
-56,28,2
-56,26,2
-60,26,3
-59,25,3
-62,26,-1
-61,25,-1
-64,25,-1
-60,26,0
-59,27,1
-60,26,-1
-56,23,-1
-55,21,3
-59,22,-2
-62,24,-7
-64,25,-8
-63,24,-2
-69,22,-2
-65,23,-3
-62,24,-3
-61,20,-3
-58,21,-3
-62,24,-1
-58,25,-2
-56,26,-3
-52,26,-4
-54,28,0
-52,27,-1
-55,26,-1
-58,26,-1
-62,27,-4
-69,24,-18
-68,24,-9
-70,21,10
-49,24,20
-36,29,37
-36,39,43
-36,40,41
-30,40,40
-19,39,45
-24,38,43
-21,37,48
-22,38,53
-23,36,45
-12,36,49
-23,32,54
-32,39,46
-25,35,41
-24,34,37
-27,36,37
-16,37,42
-16,35,56
-29,33,52
-30,40,47
-16,32,55
-22,33,51
-22,35,52
-19,34,53
-21,34,51
-19,35,52
-21,35,52
-24,34,50
-22,36,52
-21,34,50
-23,34,49
-22,35,51
-20,34,51
-19,34,52
-21,35,51
-20,35,51
-20,35,50
-21,35,52
-22,34,51
-20,33,48
-19,29,54
-22,29,58
-12,31,56
-20,39,53
-18,40,56
-19,37,50
-27,38,37
-27,39,39
-31,37,37
-33,35,36
-32,39,41
-29,40,47
-31,40,48
-34,35,41
-40,28,36
-29,32,39
-36,24,38
-39,36,34
-42,32,36
-24,32,52
-9,32,66
-25,27,62
-35,31,56
-41,26,48
-41,23,52
-36,21,53
-37,20,50
-37,21,45
-32,19,53
-24,22,59
-35,24,54
-40,22,48
-40,24,48
-34,24,51
-31,21,51
-32,19,52
-34,19,52
-37,19,51
-40,19,50
-39,21,51
-40,20,49
-39,20,48
-40,20,46
-39,20,46
-38,20,48
-36,20,48
-38,20,48
-37,20,48
-40,19,49
-40,19,48
-39,19,48
-38,19,48
-39,19,48
-39,19,49
-39,20,48
-39,20,48
-38,19,48
-38,19,47
-39,19,48
-39,19,48
-39,18,48
-39,19,48
-39,19,49
-39,19,49
-38,19,48
-39,19,48
-39,19,48
-39,19,48
-39,19,48
-38,19,48
-39,18,48
-39,19,48
-39,19,49
-39,19,48
-38,19,49
-39,18,48
-39,19,48
-39,19,48
-39,19,48
-38,18,49
-37,18,49
-36,18,52
-46,16,47
-40,16,48
-30,20,52
-38,21,52
-38,22,47
-35,23,52
-39,22,47
-38,23,45
-38,25,43
-35,24,45
-35,24,51
-34,25,53
-30,26,51
-23,24,54
-27,23,54
-28,24,54
-22,23,55
-20,24,56
-24,23,54
-22,24,55
-24,24,55
-25,24,54
-24,24,55
-22,24,57
-23,23,56
-25,24,55
-22,24,54
-21,23,57
-25,24,56
-24,25,55
-25,25,55
-24,25,53
-25,24,53
-26,25,54
-25,25,55
-24,25,55
-26,25,55
-23,25,55
-23,24,55
-24,24,55
-24,24,54
-23,24,55
-23,24,55
-25,24,55
-24,24,55
-23,24,55
-24,24,56
-24,23,58
-22,24,58
-21,25,58
-22,26,55
-24,27,50
-26,28,50
-29,27,49
-29,27,49
-30,26,50
-30,26,50
-29,27,52
-28,28,53
-27,29,54
-26,30,54
-26,30,54
-26,30,53
-27,30,52
-26,30,50
-27,30,49
-26,30,50
-27,30,51
-26,30,55
-24,30,56
-21,31,54
-17,29,59
-17,28,59
-19,26,54
-19,26,55
-18,26,56
-13,27,56
-13,27,56
-11,29,59
-10,31,60
-8,30,60
-7,28,59
-9,26,58
-8,26,58
-10,23,55
-13,18,57
-17,16,56
-7,19,57
-2,12,55
-6,11,56
-9,10,55
-10,7,55
-10,2,61
-8,5,61
-10,12,60
-10,15,60
-7,23,62
-10,24,59
-19,23,59
-28,28,62
-36,25,60
-42,27,60
-34,31,60
-30,24,58
-23,8,56
-12,4,63
-5,4,63
4,5,55
10,2,55
3,-9,60
-1,-4,66
2,-2,69
4,-2,74
-12,3,72
-11,5,69
-9,4,64
-11,4,58
-19,2,56
-23,1,57
-12,-2,63
-1,-6,72
-4,-5,75
-10,-7,67
-10,-4,63
-13,0,62
-15,1,62
-10,5,63
-11,7,58
-13,8,58
-16,6,60
-16,-1,63
-14,1,61
-10,1,64
-12,-2,68
-14,-3,67
-19,-2,58
-17,0,60
-18,-4,65
-19,-6,65
-19,-5,62
-17,-4,61
-14,-6,60
-14,-5,61
-20,-7,62
-20,-7,62
-18,-7,61
-13,-7,62
-19,-8,61
-18,-9,60
-17,-8,59
-20,-9,58
-21,-10,60
-20,-11,61
-18,-11,60
-20,-12,59
-15,-12,63
-21,-12,59
-22,-12,57
-23,-15,56
-23,-15,57
-24,-15,61
-28,-14,60
-22,-13,62
-22,-13,62
-26,-10,58
-26,-11,57
-23,-11,59
-19,-11,60
-19,-10,59
-22,-9,57
-21,-8,59
-20,-8,60
-20,-6,60
-22,-6,60
-22,-6,60
-21,-5,60
-21,-4,60
-21,-2,60
-21,-2,61
-21,-1,61
-20,0,61
-20,1,61
-20,2,60
-20,2,60
-20,3,61
-20,3,61
-19,3,61
-19,3,61
-19,3,61
-19,3,61
-19,3,61
-19,2,61
-19,2,61
-19,1,61
-21,-1,61
-22,-2,60
-21,-2,60
-21,-2,59
-21,-3,60
-20,-4,60
-20,-6,60
-21,-7,60
-21,-8,60
-22,-9,59
-22,-10,60
-21,-10,60
-21,-12,60
-21,-12,59
-22,-13,59
-22,-14,59
-22,-14,59
-22,-15,58
-22,-16,59
-22,-17,59
-22,-17,59
-23,-17,57
-23,-17,57
-22,-17,59
-22,-17,59
-22,-16,58
-22,-16,59
-21,-15,58
-21,-14,58
-21,-13,59
-21,-12,59
-21,-12,59
-21,-12,60
-22,-12,59
-22,-10,59
-21,-9,60
-21,-9,60
-21,-8,60
-21,-7,60
-20,-6,61
-20,-5,60
-21,-4,60
-21,-4,60
-20,-3,60
-20,-2,61
-19,-1,61
-19,0,61
-19,0,61
-19,1,61
-19,1,61
-19,2,61
-19,2,61
-19,2,61
-20,2,61
-19,2,61
-19,1,61
-19,1,61
-20,0,61
-21,-1,61
-21,-2,61
-21,-2,61
-20,-3,61
-20,-3,61
-19,-4,61
-19,-5,61
-20,-6,61
-21,-7,60
-21,-7,60
-21,-8,60
-21,-10,60
-20,-10,60
-20,-11,60
-21,-12,60
-20,-12,59
-21,-12,59
-21,-13,60
-21,-13,59
-21,-14,59
-21,-15,59
-21,-16,59
-21,-16,59
-21,-16,59
-21,-16,59
-22,-16,59
-22,-17,59
-22,-17,59
-22,-17,59
-21,-16,60
-20,-15,59
-20,-14,59
-20,-13,58
-21,-13,59
-21,-12,59
-21,-12,59
-20,-11,59
-21,-10,60
-21,-10,60
-21,-10,60
-21,-9,60
-20,-8,60
-20,-7,60
-20,-7,60
-19,-6,61
-20,-5,61
-20,-5,61
-20,-4,60
-19,-3,61
-19,-2,61
-19,-2,61
-19,-1,61
-19,-1,61
-18,0,61
-19,0,61
-18,1,61
-19,0,61
-19,1,61
-19,0,61
-19,0,61
-19,0,61
-19,-1,61
-20,-2,61
-20,-2,60
-20,-3,61
-19,-3,61
-19,-4,61
-19,-4,61
-20,-5,61
-20,-6,61
-20,-7,60
-20,-8,60
-21,-8,60
-19,-9,60
-20,-10,60
-20,-11,60
-20,-11,59
-21,-12,59
-20,-13,60
-20,-13,59
-20,-14,60
-21,-14,59
-21,-15,59
-21,-16,59
-21,-16,59
-21,-16,59
-21,-16,59
-21,-17,59
-21,-17,60
-20,-16,60
-20,-15,59
-19,-15,59
-19,-15,59
-20,-14,59
-20,-13,59
-19,-13,59
-19,-12,60
-19,-12,60
-20,-11,60
-19,-10,60
-20,-10,60
-19,-9,60
-19,-8,60
-19,-7,60
-18,-6,61
-19,-6,61
-19,-5,61
-19,-5,61
-19,-4,61
-18,-3,61
-18,-2,62
-18,-2,62
-17,-1,64
-19,-3,72
-21,-2,81
-14,-7,92
-8,-7,74
-8,-3,66
2,11,62
-2,14,56
-4,15,53
-3,17,52
-6,18,47
-12,20,41
-22,17,43
-27,16,47
-29,14,51
-32,13,56
-35,15,56
-39,13,61
-34,4,61
-35,4,57
-27,3,52
-26,-1,61
-23,-1,62
-23,1,59
-32,-5,54
-31,-5,55
-29,-5,59
-27,-6,59
-26,-8,57
-26,-6,59
-26,-7,58
-27,-7,59
-25,-8,58
-25,-8,58
-26,-10,59
-25,-10,59
-25,-10,59
-25,-10,59
-25,-9,59
-24,-9,59
-25,-9,59
-25,-7,58
-25,-7,58
-26,-6,59
-26,-6,59
-26,-6,58
-27,-5,58
-27,-4,58
-27,-3,58
-28,-2,58
-27,-2,58
-28,-1,57
-28,0,57
-29,1,57
-29,2,57
-29,3,57
-29,4,57
-30,4,57
-30,5,57
-30,6,57
-30,6,57
-29,7,56
-30,7,56
-30,8,56
-30,8,56
-31,8,56
-31,9,57
-31,9,56
-30,8,56
-30,7,56
-30,7,56
-30,8,57
-30,7,57
-29,7,57
-30,6,57
-30,5,57
-30,5,57
-29,4,57
-29,3,57
-28,3,57
-29,2,57
-29,1,57
-29,1,58
-28,0,57
-28,-1,58
-27,-2,58
-27,-3,58
-27,-3,58
-27,-4,58
-26,-5,58
-27,-6,58
-26,-6,58
-26,-7,59
-26,-7,59
-25,-8,59
-25,-9,59
-25,-9,59
-25,-9,59
-25,-9,59
-24,-9,59
-24,-10,59
-25,-9,59
-25,-8,59
-25,-8,59
-25,-8,59
-25,-7,59
-25,-6,59
-25,-6,59
-26,-6,59
-26,-5,58
-26,-4,58
-27,-4,58
-27,-3,58
-27,-2,58
-27,-1,58
-28,0,58
-28,0,58
-28,1,57
-28,2,57
-29,3,57
-29,4,57
-29,4,57
-29,5,57
-29,6,57
-30,6,57
-30,6,57
-30,7,57
-30,7,57
-30,7,56
-30,7,56
-31,7,56
-30,7,57
-30,7,57
-30,7,57
-30,6,56
-30,6,57
-30,6,57
-30,6,56
-29,6,57
-30,5,57
-30,4,57
-30,4,57
-29,3,57
-29,2,57
-28,2,57
-28,1,57
-28,0,58
-28,0,58
-28,-1,58
-27,-2,58
-27,-2,58
-27,-3,58
-26,-4,58
-26,-4,58
-26,-5,59
-26,-6,58
-26,-6,59
-26,-7,59
-25,-7,59
-25,-8,59
-25,-8,59
-25,-9,59
-25,-9,59
-25,-9,59
-25,-9,59
-24,-8,59
-25,-8,59
-25,-8,59
-25,-8,59
-25,-7,59
-26,-7,59
-26,-6,59
-26,-6,58
-26,-5,58
-26,-4,58
-26,-4,59
-27,-3,58
-27,-3,58
-27,-1,58
-28,-1,58
-28,0,58
-28,1,57
-28,2,57
-28,2,57
-28,3,57
-30,4,57
-30,5,57
-29,6,57
-30,6,57
-30,7,57
-30,7,57
-30,7,56
-30,7,56
-30,8,57
-30,8,56
-31,8,56
-30,8,56
-30,7,57
-30,7,57
-30,6,57
-30,6,57
-30,5,57
-29,4,56
-29,4,57
-29,3,57
-29,2,57
-29,2,57
-28,1,57
-28,0,57
-28,0,57
-27,-1,58
-27,-2,58
-27,-2,58
-26,-3,58
-27,-4,58
-26,-4,58
-26,-5,59
-26,-6,59
-26,-6,58
-25,-7,59
-25,-7,59
-26,-8,59
-25,-8,59
-25,-9,59
-25,-9,59
-25,-9,59
-25,-9,59
-25,-8,59
-25,-8,59
-25,-8,59
-25,-7,59
-25,-7,59
-26,-6,59
-25,-6,58
-26,-6,59
-26,-5,58
-26,-4,59
-27,-3,58
-28,-4,57
-26,-2,58
-26,-1,59
-27,0,59
-28,1,58
-28,2,58
-28,2,58
-28,2,58
-29,3,57
-30,3,57
-28,4,57
-28,6,58
-29,6,57
-30,6,57
-29,7,57
-29,7,57
-30,7,57
-30,7,57
-29,7,57
-29,7,57
-29,7,57
-29,7,57
-30,7,57
-29,6,57
-29,6,57
-29,5,57
-29,4,57
-29,4,57
-28,4,58
-28,3,58
-28,2,58
-28,2,58
-27,0,58
-27,0,58
-27,-1,58
-26,-1,59
-26,-2,59
-26,-3,59
-26,-3,59
-26,-3,59
-26,-4,59
-26,-5,59
-26,-6,59
-25,-6,59
-26,-7,59
-25,-7,59
-25,-8,59
-25,-8,59
-24,-8,59
-25,-9,59
-24,-9,59
-24,-10,59
-24,-9,59
-25,-9,58
-25,-9,58
-24,-8,59
-24,-8,59
-26,-7,59
-25,-7,59
-25,-7,59
-26,-6,59
-26,-6,58
-26,-4,58
-27,-4,58
-27,-3,58
-27,-2,58
-27,-1,58
-27,-1,58
-28,0,58
-28,1,57
-28,2,57
-28,3,57
-29,4,57
-29,4,57
-29,5,57
-29,6,57
-29,6,57
-29,7,57
-30,8,57
-30,8,57
-30,8,57
-30,8,57
-30,8,57
-30,8,57
-30,8,57
-30,8,57
-30,7,57
-30,7,57
-30,6,57
-29,5,57
-29,5,57
-29,4,57
-29,3,57
-28,3,57
-28,2,57
-28,1,57
-28,0,57
-27,-1,58
-27,-1,58
-27,-2,58
-27,-3,58
-27,-3,58
-26,-4,58
-26,-5,59
-26,-5,58
-26,-6,59
-26,-6,59
-25,-7,59
-25,-7,59
-25,-8,59
-25,-8,59
-25,-9,59
-25,-9,59
-25,-9,59
-25,-9,59
-24,-9,59
-24,-9,59
-25,-9,59
-25,-8,59
-25,-7,59
-25,-7,59
-25,-7,59
-25,-6,59
-26,-6,59
-26,-4,58
-26,-4,59
-27,-4,59
-27,-3,58
-27,-2,58
-27,-1,57
-28,1,58
-28,2,58
-28,2,57
-29,3,57
-29,4,57
-29,5,57
-29,6,57
-29,6,57
-29,7,57
-30,7,57
-30,8,57
-30,8,57
-30,8,57
-30,8,57
-30,8,57
-30,7,57
-29,7,57
-29,7,57
-30,6,57
-30,6,57
-29,5,57
-29,4,57
-29,4,57
-29,3,57
-29,2,57
-28,2,57
-28,1,58
-28,0,57
-28,0,58
-28,-1,58
-27,-2,58
-27,-3,58
-27,-3,58
-27,-4,59
-26,-4,59
-26,-5,59
-26,-6,58
-26,-6,59
-25,-7,59
-26,-7,59
-25,-8,59
-25,-9,59
-25,-9,59
-24,-9,59
-25,-9,59
-25,-10,59
-24,-9,59
-25,-9,59
-25,-9,59
-24,-8,59
-24,-8,59
-25,-7,59
-25,-7,59
-25,-6,59
-26,-6,59
-26,-5,59
-26,-4,59
-27,-3,58
-27,-3,58
-27,-2,58
-27,-1,58
-27,-1,58
-28,0,58
-28,2,58
-28,2,57
-28,3,57
-29,4,57
-29,4,57
-29,5,57
-29,6,57
-30,6,57
-30,7,57
-30,7,57
-30,7,57
-30,8,57
-30,8,57
-30,8,57
-30,7,57
-30,7,57
-30,7,57
-30,6,57
-30,6,57
-29,5,57
-29,5,57
-29,4,57
-29,4,57
-28,3,57
-28,2,57
-28,1,57
-28,1,58
-28,0,57
-27,-1,58
-27,-1,58
-27,-2,58
-27,-3,58
-27,-4,58
-26,-4,58
-26,-5,58
-26,-5,59
-26,-6,58
-26,-6,59
-26,-6,59
-25,-7,59
-25,-8,59
-25,-8,59
-25,-8,59
-25,-9,59
-25,-9,59
-25,-9,59
-25,-8,59
-25,-8,59
-25,-8,59
-25,-8,59
-25,-7,58
-26,-7,59
-26,-6,59
-26,-6,59
-26,-5,58
-26,-5,59
-27,-4,58
-27,-3,58
-27,-3,58
-27,-2,58
-27,-1,58
-27,-1,58
-28,0,58
-28,1,57
-28,2,57
-28,3,57
-29,3,57
-29,4,57
-29,5,57
-29,5,57
-29,6,57
-29,6,57
-29,6,57
-29,6,57
-30,6,57
-30,6,57
-30,7,57
-29,7,57
-29,6,57
-29,6,57
-29,6,57
-29,6,57
-29,5,57
-29,5,57
-29,5,57
-29,4,57
-29,4,57
-29,3,57
-28,2,57
-28,2,57
-28,1,57
-28,0,57
-28,0,58
-28,-1,58
-28,-2,58
-27,-2,58
-27,-3,58
-27,-3,58
-26,-4,58
-26,-5,58
-26,-5,59
-26,-5,59
-26,-6,59
-26,-6,59
-26,-7,59
-25,-7,59
-25,-7,59
-25,-7,59
-25,-8,59
-25,-8,59
-25,-7,59
-25,-7,59
-25,-7,59
-26,-7,59
-26,-7,59
-26,-6,59
-26,-6,59
-25,-5,59
-26,-5,59
-26,-4,58
-26,-4,58
-27,-3,59
-27,-2,58
-27,-2,58
-27,-2,58
-27,-1,58
-28,0,58
-27,0,58
-28,1,57
-28,2,58
-28,3,58
-28,3,57
-29,4,57
-29,5,57
-29,5,57
-29,5,57
-29,6,57
-29,6,57
-29,6,57
-29,7,57
-29,7,57
-29,6,57
-29,6,57
-29,6,57
-29,6,57
-29,6,57
-29,5,57
-29,4,57
-29,4,57
-29,3,57
-29,3,57
-29,2,57
-28,1,58
-28,0,57
-28,0,58
-27,-1,58
-27,-2,58
-27,-2,58
-27,-3,58
-27,-3,58
-27,-3,58
-26,-4,58
-26,-5,59
-26,-6,59
-25,-6,59
-25,-6,59
-26,-7,59
-26,-7,59
-26,-7,58
-25,-8,59
-26,-7,59
-26,-8,59
-25,-7,59
-25,-7,59
-25,-7,59
-25,-7,59
-25,-7,59
-25,-7,59
-25,-6,59
-25,-6,59
-26,-5,59
-26,-5,58
-26,-5,58
-26,-4,58
-27,-3,58
-27,-3,58
-27,-3,58
-27,-2,58
-27,-1,58
-28,-1,58
-28,0,58
-28,0,58
-28,1,58
-28,2,58
-28,2,57
-28,3,57
-29,3,57
-29,3,57
-29,4,57
-29,4,57
-29,4,57
-29,5,57
-29,5,57
-29,5,57
-30,6,57
-29,5,57
-29,5,57
-29,5,58
-29,5,57
-29,5,57
-29,4,57
-29,2,61
-48,-3,57
-43,-6,57
-39,13,70
-20,14,70
-25,16,66
-15,26,64
-9,45,59
-5,29,54
-17,40,52
-9,38,47
-8,37,42
-17,37,39
-3,38,52
2,33,50
-11,27,48
-6,28,53
11,22,59
4,19,57
8,18,64
12,12,67
22,17,61
20,15,58
11,10,61
13,9,63
16,11,60
9,8,55
6,7,55
3,6,54
3,5,60
-3,0,60
-2,-1,63
-2,-3,64
2,-3,64
0,-5,59
0,-4,61
1,-2,61
5,-2,60
1,5,67
-6,3,68
-15,1,70
-1,-10,94
-23,-8,54
-31,5,51
-38,1,57
-30,0,60
-20,2,61
-23,1,60
-27,0,59
-28,1,57
-32,1,57
-33,-2,56
-29,1,58
-28,0,58
-26,1,58
-29,0,57
-30,0,57
-29,0,58
-28,1,57
-29,-1,57
-28,0,58
-29,-2,62
-31,-4,63
-32,-3,65
-12,0,74
-9,-1,69
-7,2,60
-7,7,56
-7,11,56
-3,10,61
-9,13,60
-11,14,57
-8,13,58
-7,14,60
-5,12,62
-13,12,61
-13,11,60
-5,11,68
-14,10,63
-16,9,58
-25,7,52
-23,9,46
-19,11,54
2,12,79
-7,16,80
-15,15,69
-4,13,69
1,18,66
13,22,56
13,21,53
11,19,54
10,22,58
10,24,57
10,24,56
6,22,60
6,21,66
11,23,66
8,22,62
2,20,58
0,16,50
-3,10,57
5,12,66
17,16,65
20,5,55
17,7,55
22,14,65
22,12,64
20,14,59
25,15,55
29,12,57
23,10,52
26,12,57
18,18,62
21,17,64
17,14,64
13,13,58
11,13,57
10,9,58
15,10,60
15,13,62
4,-2,50
9,19,61
8,15,59
13,9,63
23,11,65
7,12,61
18,3,64
14,3,63
14,2,62
14,1,57
16,-2,60
16,1,61
19,-3,59
24,-6,57
26,-3,57
24,-4,60
21,-7,75
12,-6,69
6,-7,60
7,-14,63
1,-14,62
4,-11,63
14,-7,64
-19,-14,56
-20,-7,55
-9,3,65
-1,1,64
-1,-2,63
-5,-1,65
-5,-2,64
-1,-3,64
-9,-2,64
-11,-4,64
-11,-2,64
-11,-4,68
-25,-5,60
5,-5,74
-1,-2,67
-4,-2,63
2,0,55
17,2,64
16,1,60
16,2,58
20,1,65
10,10,66
19,6,66
22,8,63
19,6,54
22,8,60
22,9,58
14,9,56
12,12,57
15,12,60
19,13,59
22,11,57
22,10,56
19,10,59
25,8,61
20,7,60
21,8,63
23,6,67
24,6,64
23,3,57
23,4,55
35,5,61
22,7,58
18,9,54
32,5,56
19,6,53
14,7,54
17,10,65
21,11,64
16,7,58
24,2,58
17,4,55
22,3,58
28,2,71
26,-8,66
18,-8,61
20,-5,59
15,-4,58
23,-7,58
25,-6,59
24,-3,60
23,-4,61
24,-7,66
19,-6,64
12,-16,57
17,-10,63
19,-17,60
25,-10,65
-1,10,56
-5,11,65
-13,-15,61
-3,2,63
0,-1,62
-11,-9,63
-8,-3,63
-4,-3,64
-6,-2,64
-8,-4,66
-7,-1,63
-9,-4,63
-13,-3,62
-15,-4,62
-12,-5,63
-13,-3,62
-9,-3,64
-17,-2,62
-15,-3,62
-13,-1,63
-11,-4,63
-13,-4,63
-16,-2,62
-15,-3,62
-13,-2,63
-14,-2,63
-15,-2,62
-17,-3,61
-16,-3,62
-15,-4,62
-14,-3,63
-16,-4,62
-16,-4,62
-17,-4,61
-14,-4,62
-15,-3,62
-16,-4,62
-14,-3,62
-15,-3,62
-16,-3,62
-16,-3,62
-16,-3,62
-16,-3,62
-16,-3,62
-15,-3,62
-14,-2,62
-16,-3,62
-14,-3,63
-15,-3,62
-15,-3,62
-15,-3,62
-15,-3,62
-15,-3,62
-16,-3,62
-15,-3,62
-15,-3,62
-15,-3,62
-15,-3,62
-15,-3,62
-15,-3,62
-15,-3,62
-16,-3,62
-15,-3,62
-15,-3,62
-15,-2,62
-15,-3,62
-16,-3,62
-15,-3,62
-15,-3,62
-16,-3,62
-15,-4,62
-15,-3,62
-14,-4,62
-15,-3,62
-16,-2,62
-16,-3,62
-16,-2,62
-16,-3,62
-15,-3,62
-14,-4,62
-14,-3,63
-16,-3,62
-16,-2,62
-15,-3,62
-15,-3,62
-14,-3,62
-14,-3,62
-15,-2,62
-15,-3,62
-16,-2,62
-16,-3,62
-15,-3,62
-15,-3,62
-16,-3,62
-15,-3,62
-15,-3,62
-15,-2,62
-15,-3,62
-15,-3,62
-15,-3,62
-15,-3,62
-15,-3,62
-15,-3,62
-15,-3,62
-15,-3,62
-15,-3,62
-15,-3,62
-15,-3,62
-15,-3,62
-15,-3,62
-15,-3,62
-16,-3,62
-15,-3,62
-15,-3,62
-15,-3,62
-15,-3,62
-16,-2,62
-16,-3,62
-15,-3,62
-15,-3,62
-15,-3,62
-15,-3,62
-15,-3,62
-15,-3,62
-15,-3,62
-15,-3,62
-15,-3,62
-15,-3,62
-15,-3,62
-15,-3,62
-15,-3,62
-15,-3,62
-15,-3,62
-15,-3,62
-15,-3,62
-15,-3,62
-15,-3,62
-15,-3,62
-15,-3,62
-15,-3,62
-15,-3,62
-15,-3,62
-15,-3,62
-15,-3,62
-16,-3,62
-15,-3,62
-15,-2,63
-15,-2,62
-15,-2,63
-16,-3,62
-15,-3,62
-15,-3,62
-15,-2,63
-16,-3,62
-15,-3,62
-15,-3,62
-15,-3,62
-15,-3,62
-15,-3,62
-15,-3,62
-15,-3,62
-15,-3,62
-15,-3,62
-15,-2,62
-15,-3,62
-15,-2,62
-15,-3,62
-16,-3,62
-15,-3,62
-15,-3,62
-15,-2,62
-16,-2,62
-14,-4,62
-14,-3,62
-15,-3,63
-16,-3,62
-17,-4,61
-17,-4,61
-17,-3,62
-16,-3,62
-17,-3,62
-19,-3,61
-18,-3,62
-17,-3,62
-17,-2,62
-17,-2,62
-18,-3,61
-18,-2,62
-18,-3,61
-17,-3,62
-16,-3,62
-18,-3,61
-18,-3,61
-18,-3,61
-18,-3,61
-16,-3,62
-17,-3,62
-19,-3,61
-17,-3,61
-18,-4,61
-17,-3,61
-17,-3,62
-18,-3,61
-18,-3,62
-17,-3,61
-17,-3,62
-17,-3,62
-18,-3,62
-19,-3,62
-17,-3,61
-17,-3,62
-17,-3,61
-17,-2,63
-18,-3,62
-18,-3,62
-17,-3,61
-17,-3,61
-16,-3,62
-18,-3,62
-18,-2,61
-18,-3,61
-18,-3,61
-16,-3,62
-17,-3,62
-18,-3,61
-18,-3,61
-16,-3,62
-16,-2,62
-18,-3,61
-18,-3,62
-18,-2,62
-18,-2,61
-17,-3,62
-17,-3,61
-17,-2,62
-18,-3,62
-19,-2,61
-18,-3,61
-18,-2,61
-17,-3,61
-19,-3,61
-18,-3,62
-15,-2,62
-17,-3,62
-18,-3,61
-17,-4,61
-16,-4,62
-16,-3,62
-17,-3,61
-17,-3,62
-17,-3,62
-16,-3,62
-17,-3,61
-16,-3,62
-17,-3,62
-16,-3,62
-15,-3,62
-17,-3,62
-16,-3,62
-15,-3,62
-16,-3,62
-16,-3,62
-16,-3,62
-17,-2,62
-17,-3,61
-17,-3,62
-16,-3,61
-16,-3,62
-17,-2,62
-18,-1,61
-20,-1,61
-20,0,61
-18,-3,61
-18,-2,61
-18,-2,61
-19,-2,61
-18,-2,61
-17,-2,61
-17,-2,62
-19,-2,62
-18,-2,61
-19,-2,61
-17,-2,62
-17,-1,61
-18,0,61
-15,-2,62
-14,-3,63
-13,-4,62
-14,-4,62
-14,-4,62
-13,-4,63
-14,-6,62
-14,-5,62
-15,-6,62
-13,-5,62
-14,-5,63
-14,-5,62
-13,-6,62
-13,-6,62
-14,-5,62
-14,-5,62
-14,-5,62
-13,-6,62
-13,-5,62
-12,-5,62
-13,-5,62
-13,-4,62
-13,-4,63
-13,-3,62
-13,-4,63
-13,-2,62
-13,0,63
-14,-2,62
-14,-2,63
-13,-2,64
-15,0,62
-15,-1,63
-20,0,58
-22,1,62
-24,-2,61
-21,-2,62
-17,-1,62
-17,-2,62
-19,-2,62
-15,0,62
-17,-2,62
-17,-2,62
-16,-1,63
-18,-3,61
-21,-3,60
-17,-2,62
-19,-1,62
-19,-3,60
-21,-3,60
-19,-2,61
-19,-2,62
-19,-3,61
-19,-2,61
-18,-3,61
-18,-3,62
-18,-3,61
-18,-3,61
-18,-3,62
-19,-3,62
-19,-3,61
-18,-2,61
-18,-3,61
-18,-3,61
-18,-3,61
-18,-2,62
-18,-3,61
-18,-3,61
-18,-3,61
-18,-3,61
-18,-3,62
-18,-3,61
-18,-3,62
-19,-3,61
-19,-3,61
-18,-2,61
-18,-3,61
-18,-3,61
-18,-3,61
-18,-3,61
-18,-2,61
-18,-3,61
-18,-3,62
-18,-3,61
-19,-3,61
-18,-3,61
-19,-2,61
-19,-4,61
-19,-3,61
-18,-3,61
-18,-3,62
-19,-3,61
-19,-3,61
-19,-2,62
-18,-3,61
-19,-3,61
-18,-3,61
-18,-3,62
-18,-3,61
-19,-3,61
-19,-3,61
-19,-3,61
-19,-3,61
-18,-3,61
-18,-3,61
-18,-3,61
-19,-3,62
-18,-3,61
-19,-3,62
-18,-3,61
-19,-3,61
-18,-3,61
-19,-3,62
-18,-3,61
-19,-3,61
-19,-3,61
-18,-3,61
-19,-3,61
-19,-3,61
-19,-3,61
-18,-3,61
-18,-3,62
-18,-3,62
-18,-3,61
-18,-3,62
-19,-3,61
-18,-3,61
-19,-3,61
-19,-3,62
-18,-2,61
-19,-3,61
-18,-2,62
-18,-2,62
-18,-2,62
-19,-2,61
-18,-2,61
-19,-3,61
-19,-4,61
-18,-3,62
-19,-3,61
-19,-3,61
-19,-3,61
-19,-3,62
-16,2,63
-20,-4,60
-19,0,62
-17,0,62
-17,-1,62
-17,-3,62
-18,-2,62
-21,-4,60
-17,-2,62
-16,-1,62
-16,-2,62
-22,3,60
-21,-2,60
-18,-1,61
-17,-1,62
-19,-2,61
-16,-1,63
-19,0,61
-19,-3,60
-7,-2,64
-12,-2,62
-8,-2,63
-7,-4,64
-8,-4,63
-4,-5,63
-6,-3,63
1,-3,64
0,-3,64
-6,-3,63
0,-4,63
2,-4,64
5,-3,64
6,-2,64
3,-5,63
-3,-3,64
-5,-7,62
-1,-1,64
0,-3,64
-3,-6,64
-20,0,60
-11,-3,63
-17,-5,62
-6,12,67
-16,-3,60
-13,5,59
-4,-3,65
-6,-4,63
-2,-3,65
-3,-3,64
-4,-5,63
-5,-5,63
-3,-4,63
-1,-4,64
1,-7,63
1,-5,65
0,-6,64
-1,-9,63
0,-8,62
-6,-11,64
1,-7,64
-4,-8,62
-3,-7,63
-1,-7,63
-2,-8,63
-2,-8,63
-1,-7,63
-1,-8,63
-1,-7,63
-1,-8,63
-1,-8,63
1,-7,64
0,-7,64
0,-7,64
2,-7,63
2,-7,64
1,-7,63
2,-7,64
-5,-6,63
-4,-6,64
-6,-7,63
-7,-4,62
-2,-5,64
-3,-5,64
-2,-5,64
-11,-9,61
-3,-4,64
-4,-6,63
-5,-4,63
-5,-6,63
-6,-6,63
-6,-5,63
-6,-5,63
-7,-5,63
-6,-5,63
-6,-5,63
-9,-5,63
-8,-4,63
-7,-4,63
-10,-4,63
-11,-4,63
-11,-3,63
-9,-4,63
-13,-6,63
-12,-4,61
-10,-2,63
-11,-3,63
-12,-3,63
-12,-3,63
-12,-3,63
-12,-3,63
-12,-3,63
-12,-3,63
-11,-2,63
-11,-2,63
-10,-2,63
-11,-3,63
-11,-2,63
-11,-2,63
-12,-3,63
-12,-2,63
-12,-3,63
-13,-2,63
-12,-3,63
-12,-3,63
-12,-3,63
-13,-2,63
-13,-3,63
-13,-3,63
-12,-2,63
-11,-1,63
-12,-3,63
-13,-2,62
-13,-2,62
-14,-3,62
-14,-3,62
-14,-3,62
-13,-3,63
-14,-3,62
-13,-3,63
-14,-3,62
-13,-3,63
-15,-3,62
-14,-4,62
-14,-4,62
-13,-4,62
-13,-3,63
-13,-4,63
-14,-3,63
-15,-3,62
-15,-2,63
-14,-3,62
-14,-3,62
-14,-3,62
-14,-2,63
-15,-2,63
-15,-3,62
-15,-3,62
-15,-2,63
-15,-4,62
-14,-4,62
-15,-3,62
-14,-4,62
-15,-4,62
-14,-3,62
-15,-4,62
-14,-4,62
-15,-3,62
-15,-3,62
-13,-3,62
-17,-4,61
-15,-2,62
-15,-3,62
-15,-4,62
-15,-4,62
-16,-4,62
-15,-4,62
-15,-4,62
-15,-4,62
-15,-4,63
-15,-4,62
-15,-4,62
-15,-4,62
-15,-4,62
-15,-4,62
-15,-4,62
-15,-4,62
-16,-4,62
-16,-4,62
-15,-4,62
-16,-4,62
-16,-4,62
-15,-3,62
-17,-4,62
-16,-3,62
-15,-4,62
-16,-4,62
-16,-4,62
-16,-5,62
-16,-4,62
-16,-4,62
-16,-4,62
-16,-4,62
-16,-4,62
-16,-4,62
-16,-4,62
-16,-4,62
-16,-4,62
-17,-4,62
-16,-4,62
-16,-4,62
-16,-4,62
-17,-4,62
-17,-4,62
-17,-4,62
-16,-4,62
-16,-4,62
-17,-4,62
-16,-5,62
-17,-4,62
-17,-5,62
-19,-5,61
-14,-2,62
-14,-3,62
-18,-4,61
-13,-2,62
-12,-2,63
-12,-3,63
-14,-4,62
-12,-3,62
-12,-3,63
-12,-3,63
-12,-3,63
-12,-3,63
-11,-3,63
-12,-3,63
-14,-4,62
-13,-3,63
-13,-4,62
-13,-4,63
-13,-3,63
-13,-4,62
-13,-4,63
-12,-3,62
-13,-4,62
-12,-4,63
-12,-4,62
-12,-4,63
-13,-4,62
-13,-4,62
-13,-4,63
-12,-4,63
-12,-4,63
-12,-3,63
-13,-4,62
-11,-4,63
-11,-3,63
-11,-4,63
-11,-4,63
-9,-3,63
-9,-4,64
-10,-4,63
-10,-4,63
-8,-4,63
-9,-4,64
-8,-4,63
-9,-5,63
-9,-4,63
-9,-4,63
-9,-4,63
-8,-4,63
-8,-4,63
-8,-4,63
-8,-4,63
-8,-4,63
-9,-4,63
-8,-4,63
-8,-4,63
-7,-4,63
-7,-3,63
-7,-3,63
-7,-4,63
-7,-4,63
-7,-4,63
-8,-4,63
-8,-4,63
-8,-4,63
-8,-4,63
-8,-4,63
-8,-4,63
-8,-4,63
-8,-4,63
-8,-4,63
-7,-4,64
-8,-4,63
-8,-4,63
-8,-4,63
-8,-4,63
-8,-4,63
-8,-4,63
-8,-4,63
-8,-4,63
-8,-4,63
-8,-4,63
-8,-4,63
-7,-4,63
-8,-4,63
-7,-4,63
-8,-4,63
-8,-4,63
-8,-4,63
-8,-4,63
-8,-4,64
-8,-4,63
-8,-4,63
-9,-4,63
-9,-4,63
-9,-4,63
-8,-4,63
-8,-4,63
-8,-5,63
-8,-4,63
-8,-4,63
-7,-4,63
-8,-5,63
-8,-5,63
-7,-4,64
-7,-4,63
-7,-5,64
-8,-4,63
-8,-4,63
-8,-4,63
-9,-4,63
-10,-4,64
-9,-4,63
-10,-3,63
-9,-3,63
-10,-3,63
-10,-3,63
-10,-3,63
-10,-3,63
-10,-3,63
-10,-3,63
-11,-3,63
-13,-4,62
-12,-3,62
-12,-3,63
-11,-4,63
-11,-4,63
-11,-4,63
-11,-3,63
-11,-4,63
-13,-4,62
-13,-4,62
-13,-3,61
-12,-5,62
-12,-4,63
-13,-4,63
-12,-4,63
-13,-4,63
-12,-4,63
-12,-4,63
-12,-4,63
-13,-4,62
-13,-4,63
-13,-3,63
-13,-4,63
-13,-4,63
-13,-4,62
-14,-3,62
-14,-3,62
-13,-4,62
-12,-4,63
-15,-3,62
-13,-4,62
-14,-4,62
-14,-4,62
-14,-4,62
-14,-4,62
-14,-4,62
-14,-4,63
-14,-3,62
-14,-3,62
-14,-3,63
-14,-4,63
-14,-3,62
-13,-4,63
-14,-4,62
-14,-3,62
-14,-4,62
-14,-3,62
-14,-4,62
-14,-3,63
-14,-3,63
-14,-4,62
-14,-3,63
-14,-4,63
-14,-3,62
-14,-3,62
-14,-3,62
-15,-3,62
-14,-3,62
-14,-3,62
-14,-3,62
-14,-3,62
-14,-3,62
-14,-3,62
-14,-3,62
-15,-3,62
-14,-3,62
-14,-3,62
-14,-3,62
-14,-3,62
-14,-3,62
-14,-3,62
-14,-3,62
-14,-3,63
-14,-2,62
-14,-3,62
-14,-3,63
-14,-3,62
-14,-3,62
-15,-3,62
-14,-3,62
-12,-3,63
-16,-3,62
-14,-3,62
-14,-3,63
-16,-3,62
-15,-3,62
-16,-3,62
-15,-3,62
-15,-3,62
-14,-4,62
-15,-3,62
-14,-3,62
-14,-4,62
-16,-4,62
-15,-3,62
-14,-3,63
-13,-3,64
-17,-4,62
-16,-3,64
-16,-11,68
-13,-7,67
-8,-6,70
-6,-5,68
-16,-14,66
-1,-14,66
-4,-18,58
3,5,63
1,7,68
6,9,65
8,12,54
10,17,53
14,17,57
7,13,51
-4,20,44
-16,18,42
-41,15,47
-56,8,63
-58,3,48
-58,14,44
-56,12,50
-48,12,47
-41,12,42
-36,13,39
-37,16,48
-33,8,57
-29,7,59
-31,8,61
-35,5,64
-34,5,59
-33,8,54
-32,8,58
-33,9,60
-26,9,54
-24,12,51
-24,13,49
-23,13,49
-32,8,59
-31,5,62
-35,5,65
-35,6,65
-31,8,57
-32,11,51
-33,10,51
-28,8,54
-30,9,57
-32,10,57
-30,10,55
-28,10,54
-27,9,55
-32,6,60
-37,8,59
-39,9,59
-35,9,56
-30,10,54
-22,13,50
-19,14,49
-20,13,49
-29,8,56
-40,4,66
-38,4,68
-35,5,66
-31,10,54
-29,13,48
-27,15,41
-37,10,50
-32,6,57
-27,6,64
-31,9,62
-32,10,55
-31,15,42
-35,15,45
-32,5,56
-31,3,62
-42,7,59
-56,10,44
-40,14,43
-34,12,46
-27,8,50
-44,4,58
-50,4,57
-41,9,54
-40,13,44
-42,15,37
-36,15,37
-40,11,46
-40,7,55
-41,4,58
-44,6,52
-47,10,45
-44,8,46
-42,6,47
-46,8,47
-45,8,47
-45,8,47
-45,7,48
-43,7,47
-44,7,47
-45,7,47
-43,8,46
-43,8,46
-43,8,47
-42,8,48
-42,8,47
-42,9,48
-43,8,48
-44,8,47
-44,8,48
-44,7,47
-43,8,47
-42,8,47
-42,9,47
-43,9,47
-42,8,46
-42,8,46
-44,8,46
-45,7,46
-46,6,46
-46,7,47
-51,6,47
-49,6,47
-48,5,46
-49,5,47
-45,7,47
-41,8,45
-40,9,44
-40,10,44
-40,8,46
-41,8,47
-46,7,50
-45,7,48
-44,7,47
-43,8,46
-42,8,46
-43,7,47
-44,7,48
-44,7,48
-44,8,47
-44,8,47
-43,8,47
-44,8,47
-42,8,48
-43,8,47
-42,8,47
-41,9,47
-43,8,49
-44,8,51
-44,8,47
-47,7,46
-47,7,48
-44,7,49
-46,9,47
-48,11,47
-45,10,49
-42,12,47
-39,12,45
-37,13,47
-37,14,45
-36,15,44
-37,15,42
-33,15,42
-42,14,46
-47,12,49
-50,7,55
-46,9,55
-45,11,53
-38,14,44
-38,15,40
-46,13,42
-46,9,47
-41,9,50
-42,10,50
-45,12,47
-44,12,46
-38,10,47
-44,9,49
-48,7,51
-46,8,53
-47,8,53
-47,9,52
-43,11,49
-41,12,49
-37,14,47
-33,15,43
-32,18,39
-31,19,39
-36,18,41
-42,15,44
-46,10,54
-53,5,62
-49,6,64
-49,9,57
-43,14,45
-40,17,38
-36,20,32
-44,20,35
-43,20,38
-40,16,44
-29,15,48
-30,15,49
-38,12,51
-47,12,54
-53,9,57
-43,9,56
-39,10,54
-36,13,49
-33,17,39
-36,17,39
-36,15,43
-39,13,45
-44,12,48
-45,10,51
-38,9,50
-40,9,50
-51,3,52
-31,2,51
-24,2,51
-38,2,47
-61,0,52
-80,-9,64
-26,-9,56
-40,3,50
-41,3,45
-27,10,36
-20,8,38
-89,-20,82
-22,-20,63
-48,-6,52
-33,-4,51
-20,9,37
-27,12,25
-26,15,26
-83,-26,89
-96,4,105
-31,-18,28
-40,2,42
-56,-7,50
-32,-2,52
-41,-1,44
-40,0,52
-42,1,49
-45,1,47
-41,1,49
-39,0,51
-39,0,51
-41,2,51
-40,0,50
-40,0,50
-41,1,50
-41,1,50
-41,1,50
-40,1,50
-40,1,50
-41,1,50
-42,1,50
-41,1,50
-43,2,50
-45,2,47
-43,1,48
-39,0,51
-16,-4,66
-12,-4,60
-39,1,54
-38,0,54
-32,-1,55
-34,1,54
-34,0,55
-34,-1,55
-35,-1,54
-35,-1,57
-40,0,56
-38,-4,56
-48,-6,58
-28,-8,66
-27,3,54
-27,9,53
-22,12,46
-23,15,37
-22,14,38
-25,7,50
-37,-1,57
-57,-6,72
-27,-5,69
-45,4,42
-35,4,47
-35,9,37
-21,9,38
-22,1,55
-28,8,92
-15,-22,70
-35,6,63
-37,-1,52
-36,5,45
-28,10,39
-19,13,36
-13,15,37
-30,10,45
-42,6,56
-34,1,64
-47,-1,85
-56,3,42
-42,6,51
-27,5,40
-16,7,38
-27,7,41
-53,-1,66
-67,-15,100
-34,2,53
-29,0,51
-38,7,41
-25,8,34
-23,4,50
-32,-4,61
-21,-2,83
-39,0,51
-26,1,53
-32,10,35
-29,11,34
-29,8,44
-68,-27,107
-36,-4,55
-46,-1,49
-37,2,39
-34,9,34
-6,6,41
-26,-31,95
-97,9,70
-50,-17,47
-13,-5,60
-21,-2,49
-31,8,39
-16,10,41
-16,7,46
-90,-21,104
-43,-7,52
-49,1,48
-27,-1,51
-28,5,45
-9,7,44
-15,10,40
-27,11,37
-55,-49,127
-35,13,40
-43,-8,31
-12,-2,65
-43,0,54
-33,3,57
-30,-2,56
-34,0,55
-33,0,55
-32,-1,55
-32,0,56
-32,0,55
-32,0,56
-33,0,55
-32,0,55
-33,0,56
-32,0,55
-32,0,56
-33,0,56
-33,1,55
-33,0,56
-33,0,55
-32,-1,56
-35,-1,59
-42,-5,60
-46,-1,61
-38,-2,52
-53,11,35
-49,13,32
-7,11,35
-2,8,46
-25,-9,66
-44,-17,85
-44,9,58
-34,7,44
-38,9,33
-31,11,37
-12,-3,63
-40,5,74
-40,1,61
-36,5,45
-38,9,37
-26,9,37
-21,3,54
-46,-10,94
-19,-1,70
-41,0,50
-36,1,52
-31,6,42
-21,7,43
-29,5,48
-40,0,60
-29,-11,78
-31,1,61
-36,2,46
-30,8,41
-26,7,40
-50,-6,65
-11,-6,73
-32,-3,57
-28,-1,57
-37,2,48
-33,3,47
-23,8,44
-25,9,42
-35,9,44
-92,-10,89
4,-9,82
-42,5,45
-28,-1,55
-33,4,46
-30,9,39
-28,5,47
-55,-9,74
-19,-2,62
-38,0,51
-26,1,58
-36,4,43
-33,8,41
-19,8,42
-44,-6,68
-66,-18,99
-36,-6,54
-33,2,55
-34,0,53
-37,5,43
-24,8,43
-16,10,42
-16,11,38
-128,-23,89
-25,10,68
-40,-7,39
-47,6,43
-45,4,46
-40,2,43
-38,3,45
-42,4,45
-33,4,48
-26,3,52
-17,1,55
-28,-2,67
-12,-7,77
-27,-3,66
-30,-2,59
-31,-2,58
-29,-2,56
-28,-2,62
-29,0,62
-27,-3,63
-44,-10,75
-46,-10,80
-25,-5,96
-18,-11,82
-33,-5,67
-38,13,52
-33,12,46
-30,19,25
-29,37,17
-25,40,15
-10,46,19
-5,49,25
1,49,31
6,48,37
0,49,41
-5,49,42
-8,45,44
-4,44,46
1,45,46
2,46,45
7,45,50
8,45,49
0,43,47
-2,43,46
2,44,47
1,47,46
2,47,47
1,43,52
-6,44,46
-4,44,44
1,42,46
5,44,46
9,44,47
9,44,48
-3,45,47
-4,46,46
0,47,47
2,46,50
2,43,50
-6,43,47
-6,43,46
-4,42,45
0,44,45
7,45,47
7,44,47
-4,44,47
-4,44,48
-3,43,47
-4,46,48
-1,45,52
3,41,52
-3,40,45
-7,41,42
-3,43,35
-1,43,38
-3,41,40
-3,42,46
-5,36,54
-3,31,40
-37,27,36
-46,26,37
-20,18,63
-15,4,67
-11,4,64
-9,8,61
-22,4,78
-15,0,80
-2,1,73
-13,2,64
-18,4,67
-20,-2,71
-12,-2,73
-3,-4,74
-15,2,61
-16,4,63
-17,0,61
-17,0,64
-15,1,62
-21,0,61
-21,1,61
-19,1,61
-19,1,62
-19,1,61
-20,1,61
-20,1,61
-19,1,61
-19,1,61
-20,0,61
-20,1,61
-20,1,61
-20,1,61
-20,0,61
-20,1,61
-20,1,61
-20,1,61
-20,0,61
-20,1,61
-20,1,61
-20,1,61
-20,1,61
-21,1,61
-20,0,61
-20,1,61
-21,1,61
-20,0,61
-20,1,61
-20,0,61
-20,0,61
-20,0,61
-20,1,61
-20,0,61
-20,1,61
-20,0,61
-20,1,61
-20,1,61
-20,1,61
-20,0,61
-21,1,61
-21,1,61
-20,1,61
-21,1,61
-20,1,61
-20,0,61
-20,1,61
-20,0,61
-20,1,61
-20,1,61
-21,0,61
-21,1,61
-20,0,61
-20,0,61
-19,0,60
-20,1,61
-22,1,61
-21,0,60
-21,1,62
-22,1,61
-21,0,60
-22,1,61
-22,0,60
-21,1,61
-22,1,60
-22,0,60
-22,0,60
-22,1,61
-21,0,60
-22,0,61
-21,0,62
-16,2,61
-15,1,67
-16,-9,68
-18,-7,68
-41,5,69
-30,4,59
-27,-1,51
-15,6,53
-14,6,54
-35,7,44
-24,15,41
-15,12,50
-36,4,56
-45,13,52
-37,11,47
-43,6,40
-68,11,31
-65,9,33
-54,3,39
-60,7,37
-56,7,38
-43,4,44
-45,2,48
-44,1,48
-52,4,43
-59,4,43
-49,3,42
-45,4,42
-50,5,40
-50,3,41
-49,4,43
-50,2,44
-49,2,43
-48,3,41
-48,3,41
-50,2,42
-50,2,45
-49,1,45
-46,3,43
-45,4,42
-50,2,42
-47,2,46
-45,1,47
-45,2,45
-48,2,43
-49,2,44
-48,2,44
-45,1,45
-45,1,45
-47,2,45
-47,2,44
-47,2,44
-45,1,45
-47,2,45
-46,2,44
-46,2,45
-46,1,45
-46,2,45
-46,1,45
-47,1,45
-45,1,45
-52,2,44
-52,2,45
-47,3,41
-42,-9,60
-38,0,52
-33,3,49
-41,1,52
-42,1,49
-41,1,49
-44,0,49
-45,1,48
-43,0,49
-38,1,52
-37,-2,53
-47,2,45
-47,2,46
-43,1,49
-39,1,52
-34,1,53
-34,1,50
-50,0,54
-44,0,52
-37,-1,56
-39,-9,65
-47,-8,63
-41,8,62
-38,5,58
-39,5,53
-34,12,46
-30,12,46
-21,10,51
-16,13,52
-14,15,52
-10,15,57
-8,17,58
-7,19,57
-3,17,55
-4,15,51
-5,17,50
-18,18,56
-25,18,64
-22,16,61
-25,10,60
-18,2,74
-14,-2,68
-8,2,58
-5,1,61
-4,0,67
-13,0,62
-15,-1,60
-15,-3,61
-30,-12,73
-38,1,56
4,-1,67
-7,0,65
-15,1,63
-18,0,61
-17,-1,62
-16,-1,62
-18,-1,62
-18,0,61
-19,0,62
-19,0,60
-19,0,61
-21,0,61
-20,0,61
-20,0,61
-20,0,61
-19,0,61
-19,0,61
-19,0,62
-19,0,61
-20,0,61
-20,0,61
-19,0,61
-20,0,61
-19,0,61
-19,0,61
-19,0,61
-18,0,61
-19,0,61
-19,1,61
-20,0,61
-21,0,61
-21,0,61
-20,0,61
-20,0,61
-18,0,62
-19,0,61
-20,0,61
-21,0,61
-21,0,61
-20,0,61
-18,0,61
-20,0,61
-20,0,61
-19,0,61
-19,0,61
-20,0,61
-21,0,61
-21,0,61
-20,0,61
-20,0,61
-20,0,61
-20,0,61
-20,0,61
-20,0,61
-20,0,61
-20,0,61
-20,0,61
-20,0,61
-20,0,61
-20,0,61
-20,0,61
-20,0,61
-20,0,61
-20,0,62
-20,0,61
-19,0,61
-20,0,61
-20,0,61
-20,0,61
-20,0,61
-20,0,61
-20,1,61
-19,0,61
-20,0,61
-19,0,61
-20,0,61
-20,0,61
-20,0,61
-20,0,61
-20,0,61
-20,0,61
-20,0,61
-20,0,61
-20,0,61
-19,0,61
-20,0,61
-20,0,61
-20,0,61
-20,0,61
-20,0,61
-20,0,61
-20,0,61
-20,0,61
-20,0,61
-20,0,61
-20,0,61
-20,0,61
-20,0,61
-20,0,61
-20,0,61
-20,0,61
-20,0,61
-19,0,61
-19,0,61
-19,0,61
-20,0,61
-19,0,61
-19,0,61
-20,0,61
-20,0,61
-19,0,61
-19,0,61
-20,0,61
-20,0,61
-20,0,61
-19,0,61
-20,0,61
-19,0,61
-20,0,62
-19,0,61
-19,0,61
-19,0,61
-19,0,61
-19,0,61
-20,0,61
-19,0,61
-19,0,62
-19,0,60
-20,0,62
-20,0,61
-20,0,61
-20,0,61
-20,0,60
-20,0,61
-20,0,61
-20,0,60
-20,0,61
-21,-1,62
-20,-1,62
-21,1,62
-21,0,61
-21,1,60
-21,-1,61
-20,0,60
-21,0,61
-21,0,61
-21,0,61
-20,0,61
-19,1,60
-23,-1,61
-20,0,61
-21,0,61
-21,0,61
-21,0,61
-21,0,61
-21,0,61
-21,0,60
-21,-1,61
-21,0,60
-20,0,61
-20,0,60
-21,0,60
-22,0,61
-21,0,61
-22,0,61
-22,1,60
-23,0,60
-28,1,58
-25,0,58
-22,0,60
-26,2,66
-24,1,57
-29,-1,63
-26,-1,57
-28,-3,63
-25,-2,58
-25,-4,60
-24,-1,60
-24,0,62
-25,-3,62
-31,0,63
-32,-4,55
-8,-24,74
-12,-22,73
-10,-19,63
5,-15,51
9,-21,53
10,-12,62
17,-9,63
12,-7,59
8,-1,60
7,1,61
9,3,61
12,6,63
13,7,63
14,9,63
10,11,61
9,12,63
2,14,63
-7,15,61
-10,15,61
-5,14,63
-4,18,62
-3,22,65
-10,28,61
-21,28,47
-31,27,38
-58,19,30
-61,12,27
-57,9,28
-62,-4,20
-71,-6,16
-72,-10,18
-67,-8,11
-74,-7,3
-33,-14,32
-52,-2,18
-65,5,6
-60,8,2
-50,9,8
-57,9,6
-61,8,11
-84,4,17
-79,10,13
-67,3,11
-68,7,10
-74,14,4
-72,14,-1
-66,11,-1
-53,7,3
-61,7,3
-64,4,5
-77,-3,10
-54,-7,29
-61,-4,20
-74,4,-2
-64,8,-2
-57,5,2
-60,4,2
-86,2,6
-74,2,7
-50,2,10
-68,4,9
-65,3,12
-59,2,11
-61,3,9
-68,4,9
-64,4,11
-62,3,11
-61,2,16
-63,2,16
-61,3,16
-61,3,17
-65,4,14
-63,4,14
-62,3,15
-62,2,16
-62,2,16
-63,3,15
-62,2,16
-63,2,16
-62,2,17
-61,2,17
-63,2,16
-62,2,16
-62,2,16
-62,2,16
-62,2,15
-63,3,14
-63,3,15
-62,2,18
-62,2,18
-61,2,18
-62,3,16
-62,3,16
-62,3,17
-62,3,17
-62,3,17
-62,3,18
-62,3,17
-62,3,17
-62,3,17
-63,3,17
-62,3,17
-62,3,17
-63,3,17
-62,2,17
-62,3,18
-61,2,18
-62,3,18
-61,2,18
-62,3,18
-62,3,18
-61,3,18
-62,2,18
-63,2,17
-63,2,17
-63,2,17
-61,2,19
-61,3,19
-61,3,20
-61,3,19
-61,3,20
-60,3,21
-61,3,20
-61,3,20
-61,3,19
-62,3,18
-62,3,19
-61,3,20
-62,3,20
-61,3,20
-60,2,20
-62,3,19
-61,3,19
-62,2,19
-62,2,18
-61,2,17
-63,2,15
-63,2,16
-62,2,16
-62,2,17
-62,3,17
-61,3,18
-62,3,18
-62,3,17
-61,2,17
-63,2,16
-61,2,17
-63,2,17
-62,2,17
-62,3,17
-63,2,18
-62,3,16
-60,0,19
-63,0,23
-62,1,21
-56,1,26
-63,4,19
-58,5,19
-62,3,20
-62,2,19
-61,3,18
-61,2,20
-59,2,21
-66,2,16
-74,2,9
-74,4,9
-76,1,14
-54,-6,30
-64,-1,28
-58,11,31
-40,13,34
-37,13,39
-38,11,42
-26,13,46
-20,14,51
-16,13,61
-14,12,59
-12,13,62
-12,10,63
-13,11,64
-15,10,65
-11,10,62
-11,10,59
-14,10,62
-18,11,59
-17,11,56
-19,9,61
-21,8,64
-20,9,62
-22,11,67
-21,5,59
-21,9,61
-21,4,63
-19,8,59
-20,9,60
-17,4,63
-15,6,60
-17,7,62
-18,6,62
-15,6,62
-14,6,63
-16,6,62
-16,5,62
-14,6,62
-12,6,62
-15,6,62
-11,5,64
-6,4,64
-11,5,63
-10,5,62
-8,4,64
-9,5,64
-11,5,62
-13,5,62
-10,6,63
-9,4,63
-9,5,64
-9,4,64
-7,5,63
-9,5,63
-5,5,63
-9,3,64
-10,4,63
-9,4,64
-9,4,63
-9,4,63
-10,4,63
-10,4,64
-9,4,63
-9,5,63
-9,5,63
-9,4,64
-9,4,63
-7,4,63
-7,5,65
-7,4,64
-8,4,63
-10,4,64
-10,4,64
-7,4,63
-9,4,63
-10,5,63
-9,4,64
-9,3,64
-8,4,63
-8,5,63
-8,4,63
-8,4,63
-9,4,64
-8,4,63
-9,4,63
-10,4,64
-9,4,63
-10,4,63
-10,5,63
-11,4,63
-11,4,64
-10,4,63
-11,5,63
-11,4,63
-10,4,63
-10,4,63
-10,4,63
-11,4,63
-12,5,62
-12,5,63
-12,4,63
-11,4,63
-12,4,63
-11,4,63
-12,4,62
-12,4,63
-12,5,63
-12,5,63
-11,5,62
-11,5,64
-12,4,63
-11,4,62
-10,5,63
-10,5,63
-11,4,63
-12,4,63
-11,4,63
-12,4,63
-12,4,63
-12,5,62
-12,5,63
-10,5,64
-10,5,63
-9,5,63
-9,4,64
-9,4,63
-11,4,62
-11,5,63
-11,5,63
-12,4,64
-11,4,64
-12,0,65
-21,-3,64
-13,11,75
-15,8,66
-11,10,63
-9,9,62
-2,8,61
-1,9,60
-4,12,55
9,13,66
8,14,66
8,13,64
7,14,58
15,13,63
17,14,65
19,16,63
18,16,57
22,20,62
18,18,61
19,20,57
20,22,53
29,14,56
17,25,55
17,23,53
16,22,50
10,23,52
10,23,58
12,22,56
9,22,53
12,21,59
8,19,61
10,18,61
10,17,58
5,15,60
-3,16,57
-1,16,60
-9,13,63
-13,14,59
-15,13,57
-19,12,59
-28,13,57
-27,13,56
-30,13,52
-34,10,55
-36,9,59
-37,9,63
-30,8,65
-34,8,64
-34,8,59
-26,7,58
-28,8,54
-25,6,61
-26,6,61
-24,6,59
-20,4,62
-25,3,60
-27,4,59
-26,6,56
-25,4,58
-22,1,61
-21,2,60
-18,3,64
-19,1,62
-28,2,58
-26,2,57
-28,3,59
-35,3,56
-32,-1,57
-33,-5,63
-32,-10,67
-25,-10,76
-28,16,108
-20,19,116
-23,34,44
40,25,6
20,32,-13
-19,15,11
-51,2,96
-40,33,81
-128,-128,63
39,10,98
-69,14,35
-85,2,15
-37,-6,47
-15,2,43
-10,3,35
-9,0,29
-8,2,29
4,8,40
-2,9,41
-3,4,49
-6,-9,54
18,-11,60
56,-9,67
47,-9,69
46,-8,68
43,-14,69
38,-11,63
34,-8,62
21,-9,61
18,-7,61
10,-6,60
7,-2,55
15,-2,64
2,-23,102
-15,-6,44
1,-1,44
-31,13,74
-30,-1,51
-27,-1,57
-26,1,59
-26,-2,58
-26,-1,58
-28,0,57
-30,1,57
-31,1,56
-33,2,56
-31,1,57
-29,1,57
-29,0,57
-30,0,57
-28,0,58
-29,0,58
-29,1,58
-28,0,57
-29,0,58
-28,0,57
-28,1,59
-28,0,57
-27,0,58
-28,0,57
-28,0,57
-28,0,58
-29,1,58
-28,0,58
-28,0,58
-28,0,57
-28,0,59
-27,0,57
-28,0,59
-27,-1,58
-28,0,58
-29,0,58
-30,0,58
-29,0,57
-29,0,58
-28,0,58
-29,0,57
-29,0,57
-29,0,57
-27,0,59
-27,-1,58
-28,0,57
-28,0,57
-28,1,58
-28,-1,57
-29,0,57
-30,0,57
-29,0,57
-29,0,57
-28,0,58
-29,0,57
-29,0,57
-28,0,58
-27,0,58
-28,0,57
-27,0,58
-25,-1,58
-27,0,58
-28,0,57
-28,0,58
-27,-1,59
-29,0,58
-41,-6,59
-60,1,47
-15,-13,73
15,-2,77
14,10,75
18,8,67
10,10,50
15,14,43
25,15,33
27,19,38
23,21,52
17,16,80
12,14,85
-44,-26,56
-44,-7,72
-31,5,71
1,11,64
11,3,60
7,2,64
8,1,65
8,3,60
11,4,61
16,5,64
19,3,62
20,-8,55
24,6,61
27,9,62
9,-4,43
45,21,64
47,6,68
25,6,54
33,11,53
27,8,55
28,6,44
27,0,38
33,-2,49
47,3,69
31,6,59
19,9,54
14,10,55
16,8,58
17,8,57
39,-17,64
23,-17,76
4,-1,72
-26,-4,58
-30,-3,62
-15,-8,56
-15,-17,59
-6,-7,64
0,-2,66
-1,-5,63
-5,-5,63
-9,-2,64
10,-10,69
23,-8,82
-25,13,59
-23,-7,58
-18,-4,60
-7,1,65
-7,-2,64
-12,0,63
-11,-1,63
-9,-1,63
-8,0,64
-8,0,63
-8,0,63
-6,1,64
-14,-2,62
-16,-1,61
-9,0,63
-4,0,64
-7,0,64
-10,-1,63
-8,0,64
-7,0,64
-7,0,64
-8,-1,63
-7,0,63
-5,-2,63
-8,-2,64
-5,8,65
-5,-9,57
-10,-10,62
-3,3,65
-6,0,65
-3,-19,62
-3,2,64
-6,-17,62
-7,12,65
-3,-3,64
-6,-5,63
-7,-2,63
-10,4,64
-5,5,64
-3,-1,63
-3,-2,65
-6,-9,60
-4,0,63
9,-19,64
-19,-8,59
-4,-2,65
-3,-6,65
-7,-5,63
-6,-11,66
-2,13,63
-10,5,65
-5,1,62
-3,-2,64
-5,-3,63
-7,0,64
-6,-2,63
-6,0,63
-4,-1,61
-2,-7,60
-5,3,67
-8,0,63
-9,-1,63
3,3,70
-13,2,64
-9,3,54
-6,-2,64
-5,-1,63
-5,-1,63
-7,0,63
-7,-1,64
-6,-1,64
-7,0,63
-6,0,63
-5,0,64
-10,-1,64
-9,-2,62
-6,-2,65
-14,0,61
-14,0,64
-8,-1,63
-19,2,64
-21,0,60
-16,-3,62
-15,-2,63
-11,-1,62
-14,1,63
-16,-2,61
-13,0,62
-13,-1,63
-13,0,63
-14,0,63
-14,0,62
-14,0,63
-14,-1,62
-15,0,63
-15,-1,62
-15,0,62
-15,-1,62
-15,1,63
-15,-2,62
-15,0,62
-15,-1,62
-14,-1,63
-13,-1,62
-13,-1,63
-12,0,63
-12,-1,63
-12,-1,63
-12,-1,63
-12,-2,64
-12,0,63
-11,-2,63
-11,-1,63
-11,-1,63
-12,-1,63
-12,-1,63
-12,-1,63
-12,0,63
-13,-1,63
-12,-1,63
-11,0,63
-13,-1,63
-13,-1,62
-14,-1,63
-15,0,62
-11,0,63
-11,-1,64
-13,1,62
-12,-1,63
-12,-2,63
-12,0,63
-12,0,63
-12,-1,63
-13,0,63
-12,0,63
-12,-1,62
-13,0,63
-12,0,62
-12,-1,63
-11,0,63
-11,0,63
-11,-1,63
-12,0,63
-12,0,63
-11,0,63
-11,-1,64
-11,-1,63
-13,0,64
-10,0,63
-11,0,63
-11,0,63
-12,0,63
-11,0,62
-11,-1,64
-12,1,63
-12,-1,64
-11,1,63
-12,0,64
-11,0,63
-12,0,63
-12,0,63
-11,0,63
-12,0,63
-12,0,63
-12,0,63
-12,-1,63
-12,0,63
-11,-1,63
-12,0,63
-11,0,63
-11,0,63
-11,0,63
-11,0,63
-11,0,63
-11,0,63
-11,0,63
-11,0,63
-11,0,63
-11,0,63
-11,-1,63
-10,0,63
-11,0,63
-11,0,63
-11,0,63
-11,0,63
-11,0,63
-10,-1,63
-10,0,63
-11,-1,63
-11,0,63
-11,-1,63
-11,0,64
-11,0,63
-12,0,63
-11,0,63
-12,0,63
-12,-1,63
-12,0,63
-12,0,63
-11,0,63
-12,0,63
-11,0,62
-12,-2,63
-11,-1,63
-12,0,63
-12,-1,63
-12,0,63
-11,0,63
-11,0,63
-12,0,63
-13,-1,63
-13,0,63
-11,0,63
-12,0,63
-12,0,63
-11,0,63
-12,0,63
-12,0,63
-12,0,63
-13,0,63
-12,0,62
-12,1,63
-13,1,62
-15,0,62
-13,0,62
-12,0,63
-12,0,63
-12,0,63
-11,0,63
-12,0,64
-12,0,63
-12,0,62
-12,0,63
-13,0,63
-13,0,62
-12,0,63
-13,-1,63
-13,-1,62
-13,0,63
-12,-1,62
-12,0,63
-12,0,63
-12,0,62
-12,0,63
-12,0,63
-12,0,62
-12,0,63
-12,0,63
-12,0,63
-11,0,63
-12,0,63
-13,0,63
-12,0,63
-12,0,63
-12,0,63
-12,0,63
-13,0,63
-12,0,63
-12,0,63
-12,0,63
-13,0,63
-12,0,63
-12,0,62
-12,0,63
-12,0,62
-12,0,64
-11,0,61
-13,0,63
-12,0,62
-13,0,63
-12,0,62
-12,0,63
-12,0,63
-12,0,63
-13,0,63
-11,0,63
-11,0,63
-12,0,63
-12,0,63
-13,0,63
-12,0,63
-12,0,63
-12,0,62
-12,0,63
-12,0,63
-13,0,63
-12,0,63
-12,0,63
-12,0,63
-12,0,63
-12,0,63
-12,0,63
-11,-1,61
-12,1,63
-11,-1,62
-12,0,64
-12,-1,63
-12,1,63
-12,0,62
-12,1,63
-12,-1,65
-9,1,60
-13,1,64
-11,-1,61
-12,1,63
-11,-1,62
-12,0,63
-13,-1,65
-10,2,63
-12,-2,62
-11,1,61
-12,-1,64
-13,1,63
-13,0,63
-11,0,63
-12,0,63
-13,0,63
-12,0,63
-11,1,59
-14,0,73
-7,2,57
-11,-5,62
-5,-1,58
-12,-2,64
-7,-3,61
-16,0,64
-9,-1,62
-10,2,65
-11,-2,63
-10,1,64
-8,0,64
-10,0,64
-11,0,62
-11,1,63
-12,0,62
-12,0,63
-12,0,63
-11,0,64
-16,-1,63
-20,-2,64
-22,2,72
-16,-9,70
16,-3,67
7,-5,69
-3,3,57
10,9,56
10,14,44
8,14,31
25,7,58
18,11,80
-17,-23,124
-28,5,44
11,-6,62
-4,-1,75
-20,-4,59
-11,-6,59
-9,1,66
-16,-7,61
-16,-6,61
-14,-3,62
-14,-2,66
-21,1,70
-7,-19,98
30,9,106
12,-21,103
-2,-18,63
-7,3,28
16,-4,24
21,36,31
-1,37,41
-8,13,53
-15,11,45
-12,23,40
-35,17,45
-45,10,51
-51,5,49
-54,5,51
-41,7,62
-29,4,66
-30,-2,64
-39,4,55
-38,2,59
-48,-2,58
-41,-1,53
-35,0,58
-47,2,44
-36,4,55
-36,2,57
-36,2,60
-28,3,62
-21,-2,55
-33,5,49
-28,4,50
-32,6,46
-40,8,37
-46,7,38
-61,3,51
-66,0,51
-50,2,45
-30,-2,50
-47,-3,55
-46,-1,53
-28,3,53
-40,1,45
-43,1,48
-36,2,52
-34,2,55
-32,0,55
-31,1,56
-39,-1,55
-38,-1,55
-31,2,53
-35,1,52
-37,1,55
-31,-2,54
-31,-1,54
-28,0,57
-33,-1,58
-34,3,55
-33,0,57
-36,0,56
-34,0,54
-31,1,56
-33,1,57
-34,-1,59
-45,-3,53
-38,1,52
-34,2,55
-33,1,48
-33,2,46
-35,3,56
-32,3,54
-32,2,52
-35,3,53
-32,3,52
-34,2,49
-41,4,47
-43,3,50
-49,0,54
-45,1,48
-40,3,48
-38,0,53
-39,1,52
-39,2,50
-41,0,51
-39,1,51
-41,1,50
-42,1,49
-42,1,49
-42,0,49
-41,1,50
-40,1,51
-40,1,51
-40,1,51
-39,1,51
-38,1,52
-40,0,51
-39,0,51
-38,1,52
-35,0,53
-35,0,53
-36,0,53
-36,0,54
-36,0,53
-35,1,54
-33,0,55
-34,0,54
-36,1,53
-37,0,53
-36,0,54
-35,0,54
-33,0,54
-32,0,56
-33,0,55
-35,0,55
-35,0,54
-34,0,55
-35,1,54
-33,-1,55
-33,0,55
-34,0,55
-35,0,54
-34,0,55
-33,0,55
-35,1,53
-34,0,55
-29,1,56
-30,0,57
-31,0,56
-33,0,54
-33,0,55
-33,0,55
-29,0,57
-33,0,55
-35,0,55
-33,0,56
-32,1,55
-35,0,57
-28,1,57
-29,0,56
-31,1,56
-34,0,56
-34,-1,55
-33,0,56
-29,0,57
-32,-3,59
-33,-1,54
-34,0,56
-33,-1,55
-32,1,56
-32,0,56
-31,0,56
-31,0,56
-32,0,55
-32,0,56
-31,0,56
-32,0,55
-32,0,56
-31,0,55
-32,0,56
-32,0,56
-33,-1,55
-32,0,56
-33,0,56
-32,0,55
-32,0,56
-32,0,55
-34,0,56
-33,0,55
-33,0,55
-29,0,55
-33,0,55
-35,0,56
-38,1,53
-34,0,68
-40,3,60
-26,-2,61
-30,0,59
-32,2,55
-31,2,54
-36,2,56
-33,-1,55
-32,0,57
-27,1,57
-29,1,57
-32,1,55
-36,-1,56
-31,2,55
-26,1,58
-29,0,55
-33,0,57
-35,-2,56
-25,7,58
-25,-2,56
-26,1,58
-31,-1,56
-35,2,57
-28,0,56
-30,-1,58
-29,-2,56
-34,2,57
-28,2,55
-30,1,57
-28,-3,56
-34,3,55
-32,0,56
-19,3,61
-29,-1,57
-23,1,58
-37,1,56
-29,3,56
-29,3,58
-27,3,57
-27,1,58
-31,1,58
-29,6,55
-29,3,57
-28,4,56
-28,1,59
-29,2,58
-26,2,58
-27,4,58
-32,1,60
-29,3,57
-28,2,58
-27,5,57
-29,2,57
-29,4,59
-29,3,58
-28,4,58
-28,4,58
-29,5,57
-28,4,56
-34,4,56
-29,3,59
-11,4,59
-16,3,62
-17,5,67
-29,3,50
-30,5,61
-35,3,56
-30,4,55
-28,4,59
-30,2,58
-27,4,57
-28,4,59
-27,4,58
-32,3,57
-29,4,56
-26,4,58
-25,4,60
-18,4,61
-25,2,55
-31,3,60
-27,2,56
-35,2,59
-28,3,57
-25,4,60
-32,2,56
-30,2,57
-25,3,59
-26,3,59
-31,3,59
-24,4,59
-21,4,59
-27,3,61
-21,4,59
-26,4,58
-27,3,59
-26,4,58
-28,3,59
-25,4,61
-26,3,59
-25,3,58
-23,4,61
-20,3,60
-21,4,61
-21,4,60
-25,3,60
-24,4,60
-22,4,62
-24,3,61
-15,5,61
-17,3,62
-17,4,62
-18,4,62
-23,3,60
-18,4,62
-16,4,61
-18,5,62
-18,4,61
-18,6,61
-14,3,62
-13,3,62
-27,3,62
-10,5,62
-13,5,63
-34,3,57
-25,2,57
-24,6,58
-31,4,60
-28,0,57
-22,5,60
-21,1,59
-27,5,60
-25,2,60
-26,3,59
-25,4,59
-23,4,58
-28,3,59
-25,3,58
-28,2,60
-23,3,59
-29,4,57
-23,3,59
-22,3,60
-29,1,59
-25,6,57
-27,4,59
-28,3,59
-28,2,58
-28,2,58
-28,3,58
-29,3,57
-29,1,58
-30,4,57
-34,1,57
-24,1,56
-30,3,59
-31,2,57
-37,2,57
-28,2,57
-29,2,57
-30,2,57
-29,2,58
-27,3,59
-33,2,59
-32,4,56
-37,0,61
-15,3,58
-28,3,58
-33,1,57
-31,2,56
-31,1,58
-28,2,57
-30,2,56
-32,2,55
-33,2,55
-34,1,54
-34,1,55
-31,2,52
-36,2,55
-29,2,55
-39,1,55
-26,2,56
-32,2,56
-27,3,57
-35,1,56
-33,3,55
-32,1,56
-33,2,56
-30,2,57
-28,2,57
-32,1,56
-32,2,56
-32,2,56
-30,2,57
-29,2,56
-33,1,55
-34,2,55
-32,1,55
-35,2,55
-32,2,55
-36,2,54
-28,1,58
-25,1,58
-29,2,56
-35,2,56
-31,1,56
-32,2,56
-30,1,56
-31,2,55
-32,1,57
-30,2,55
-33,2,56
-34,2,55
-34,1,55
-31,1,56
-30,1,56
-32,2,56
-32,1,56
-30,2,56
-32,2,56
-34,1,56
-32,2,56
-32,2,56
-28,1,57
-31,2,57
-35,1,57
-45,0,57
-76,-14,84
19,18,84
8,-1,80
-32,3,56
-4,16,53
1,22,47
-1,23,43
5,23,43
10,21,47
12,19,50
10,17,59
7,12,64
3,12,65
-2,10,66
-7,9,64
-4,11,63
-4,10,64
-6,8,64
-5,7,67
-1,10,72
0,19,83
-15,-12,62
-8,9,62
-11,4,62
-4,2,63
-8,4,66
-6,2,66
-5,3,64
-9,3,64
-10,3,63
-7,2,64
-16,2,63
-14,2,63
-12,2,62
-14,3,62
-13,2,64
-12,2,62
-9,2,64
-14,3,63
-5,2,63
-9,1,64
-9,2,63
-9,3,63
-8,3,63
-6,3,64
-4,3,64
-1,2,62
-3,2,65
-1,2,63
0,2,64
0,2,64
-1,3,64
-1,2,64
-1,2,64
-3,2,64
1,2,64
1,2,64
-2,2,64
0,2,64
0,2,64
-2,2,64
0,2,64
0,2,64
0,2,63
-1,2,64
0,2,63
-1,2,64
-1,2,64
-2,3,63
-1,2,64
0,2,64
-2,2,64
-1,3,63
-2,2,64
-1,3,64
-2,2,64
-1,2,64
-1,2,64
-2,2,64
-2,4,64
-1,3,63
-3,3,64
-2,2,64
1,2,63
-2,3,64
2,3,64
0,2,64
-2,2,63
-1,0,64
0,0,64
1,1,64
0,0,64
0,1,64
2,0,64
1,0,64
0,0,64
0,0,64
1,0,64
0,0,64
2,0,64
2,0,64
0,0,64
1,0,64
1,0,64
1,0,64
2,0,64
2,0,64
1,0,64
1,0,64
-3,2,63
0,0,63
-1,1,64
-1,0,63
0,1,64
-1,1,64
-1,0,64
-1,0,64
0,2,64
-1,2,64
-2,1,64
-4,2,63
-3,1,64
-1,0,64
0,1,64
-3,2,64
-4,1,64
-3,2,64
-1,1,64
-1,2,64
-4,2,64
-3,3,63
-6,4,65
-8,3,63
-9,2,63
-11,3,64
-10,3,64
-12,3,63
-11,3,63
-12,2,65
-9,1,59
-23,4,59
-21,2,59
-28,1,58
-24,2,58
-28,3,57
-33,0,57
-28,1,56
-34,2,56
-32,1,55
-32,2,56
-33,0,57
-28,2,57
-30,1,57
-29,2,57
-32,1,56
-30,3,56
-32,3,55
-35,1,56
-30,2,56
-30,2,55
-35,2,55
-33,2,54
-37,1,54
-33,1,55
-34,1,54
-35,2,55
-33,0,54
-36,0,54
-36,2,54
-37,1,53
-39,1,53
-36,2,53
-38,1,53
-37,2,53
-36,1,53
-34,1,54
-37,1,53
-40,1,53
-33,2,54
-35,1,54
-34,1,54
-36,1,54
-37,1,53
-36,1,54
-36,1,54
-36,1,53
-35,1,54
-34,2,54
-35,1,54
-35,1,54
-35,1,54
-34,1,55
-34,1,54
-34,1,54
-34,1,54
-35,1,55
-35,1,54
-34,1,54
-34,2,54
-34,1,54
-34,1,54
-35,1,55
-34,1,54
-34,1,55
-34,1,55
-34,2,55
-33,1,55
-34,2,55
-34,1,55
-34,2,54
-34,1,55
-34,1,55
-34,1,54
-35,1,55
-34,1,54
-34,1,55
-34,1,54
-34,1,54
-34,1,55
-34,1,54
-34,1,54
-34,1,55
-34,2,55
-34,1,54
-34,1,55
-35,1,54
-34,2,55
-34,1,55
-35,1,54
-36,1,54
-34,1,54
-34,2,56
-41,0,54
-42,1,55
-25,-4,63
-41,-9,69
-24,-11,71
-27,-3,68
-27,1,67
-28,8,69
-30,-4,66
-27,-9,61
-24,-3,57
-36,-13,45
-30,-19,39
-14,-16,39
-12,-6,45
-5,-2,49
-3,7,54
1,11,55
1,12,57
0,14,54
0,17,55
-21,16,51
-15,15,51
-11,12,63
-37,12,80
-36,26,63
-39,23,60
-62,10,64
-40,5,63
-33,-2,55
-49,-7,72
-6,-5,72
11,-17,74
3,-24,79
-1,-20,62
-1,-23,55
-11,-26,44
-19,-27,40
-31,-30,41
-24,-37,52
-16,-38,55
-11,-35,55
-9,-40,54
-14,-40,52
-18,-34,48
-18,-35,50
-19,-35,50
-15,-37,50
-17,-39,47
-17,-40,47
-17,-40,47
-16,-39,47
-17,-41,47
-17,-43,51
-16,-43,51
-5,-44,50
-12,-41,44
-19,-41,36
-12,-42,36
-4,-49,31
-5,-51,30
-15,-57,28
-12,-58,32
-15,-51,32
-11,-57,29
-7,-58,28
-7,-59,28
-12,-56,26
-16,-57,27
-13,-56,27
-10,-58,24
-10,-58,25
-11,-57,25
-13,-58,24
-12,-57,25
-11,-58,23
-12,-58,23
-12,-58,23
-12,-59,21
-13,-58,21
-12,-58,22
-13,-59,22
-14,-58,21
-13,-58,20
-14,-58,22
-13,-59,19
-13,-59,19
-13,-59,19
-13,-59,19
-13,-59,19
-13,-59,19
-12,-59,19
-13,-59,19
-12,-59,19
-14,-59,18
-13,-59,19
-13,-59,18
-13,-60,18
-13,-59,18
-14,-59,17
-13,-59,17
-14,-60,17
-13,-59,18
-14,-59,16
-14,-59,18
-14,-59,19
-15,-59,18
-15,-59,18
-15,-59,18
-15,-59,18
-16,-58,19
-15,-59,18
-15,-59,19
-16,-59,19
-16,-58,18
-15,-58,19
-15,-58,19
-15,-59,18
-15,-59,19
-15,-59,19
-16,-59,18
-15,-59,19
-15,-59,19
-15,-59,18
-15,-59,18
-15,-59,18
-15,-59,18
-15,-59,18
-15,-59,18
-15,-59,18
-15,-59,18
-15,-59,18
-15,-59,18
-15,-59,18
-15,-59,18
-15,-59,18
-15,-59,18
-15,-59,18
-15,-59,18
-15,-59,18
-15,-58,19
-15,-59,18
-15,-59,18
-15,-59,18
-15,-58,19
-15,-58,19
-15,-59,18
-15,-59,19
-15,-59,19
-15,-58,18
-15,-59,19
-15,-58,19
-15,-59,19
-15,-59,18
-15,-59,18
-15,-59,18
-15,-59,18
-15,-59,18
-15,-59,19
-15,-59,18
-15,-59,18
-15,-59,18
-15,-59,19
-16,-59,18
-15,-59,18
-15,-59,19
-15,-59,18
-15,-58,19
-15,-59,19
-15,-59,19
-15,-59,19
-15,-59,19
-15,-58,19
-15,-58,19
-15,-59,19
-15,-59,18
-16,-59,18
-15,-59,18
-15,-59,19
-15,-58,19
-15,-59,19
-15,-59,18
-15,-59,19
-15,-59,20
-15,-58,19
-15,-59,19
-15,-59,20
-15,-58,19
-15,-58,20
-15,-58,20
-15,-58,20
-15,-58,20
-15,-58,20
-15,-58,20
-15,-58,20
-15,-58,20
-15,-58,20
-15,-58,20
-15,-58,20
-15,-58,20
-16,-58,21
-15,-58,21
-15,-58,20
-15,-58,21
-16,-58,21
-15,-58,21
-15,-58,21
-15,-58,21
-15,-58,20
-15,-58,21
-15,-58,20
-15,-58,20
-15,-58,20
-15,-58,20
-16,-58,19
-15,-58,20
-15,-58,20
-14,-58,21
-13,-58,21
-14,-58,21
-13,-59,19
-13,-59,18
-13,-60,17
-14,-61,13
-13,-61,10
-11,-61,14
-12,-61,13
-11,-61,12
-10,-61,13
-11,-61,12
-10,-61,11
-10,-61,11
-10,-62,10
-10,-62,10
-10,-62,9
-10,-62,9
-11,-62,9
-10,-62,9
-11,-62,9
-11,-62,9
-11,-62,10
-11,-62,10
-11,-61,10
-10,-61,11
-10,-61,11
-11,-61,10
-11,-61,10
-11,-61,10
-11,-61,10
-11,-62,10
-11,-61,10
-11,-61,11
-11,-61,11
-11,-61,11
-11,-61,11
-11,-62,11
-11,-62,11
-11,-61,11
-11,-61,11
-11,-61,11
-11,-61,11
-11,-61,11
-11,-61,11
-11,-61,11
-11,-61,11
-11,-61,11
-11,-61,11
-11,-61,11
-10,-61,11
-11,-61,11
-11,-61,11
-11,-62,11
-11,-61,11
-11,-62,11
-11,-61,11
-11,-61,11
-11,-61,11
-11,-61,11
-11,-61,11
-10,-61,11
-10,-61,12
-11,-61,12
-11,-61,12
-11,-61,12
-11,-62,12
-11,-61,12
-11,-61,11
-11,-61,12
-11,-61,11
-11,-61,11
-12,-61,12
-12,-61,12
-11,-61,12
-11,-61,12
-11,-61,12
-11,-61,13
-11,-61,12
-11,-61,12
-11,-61,13
-11,-61,13
-11,-61,13
-11,-61,12
-11,-61,13
-11,-61,13
-11,-61,12
-11,-61,12
-12,-61,12
-11,-61,13
-11,-61,12
-11,-61,12
-11,-61,12
-11,-61,12
-11,-61,13
-11,-61,13
-11,-61,13
-11,-61,13
-12,-61,13
-12,-61,13
-12,-61,12
-12,-61,12
-12,-61,12
-12,-61,12
-12,-60,13
-12,-60,13
-12,-61,13
-11,-61,13
-12,-61,12
-12,-61,12
-12,-61,11
-12,-61,11
-11,-61,13
-12,-61,13
-12,-61,13
-12,-61,13
-12,-61,12
-12,-61,12
-12,-61,12
-12,-61,12
-12,-61,13
-12,-61,13
-12,-61,13
-12,-61,13
-12,-61,13
-11,-61,13
-12,-61,13
-12,-61,13
-12,-61,13
-12,-61,13
-11,-61,13
-11,-61,13
-11,-61,13
-12,-61,13
-12,-61,12
-12,-61,12
-12,-61,12
-12,-61,12
-12,-61,13
-12,-61,13
-12,-61,13
-12,-61,13
-12,-60,13
-12,-60,13
-12,-61,13
-12,-61,13
-12,-61,13
-12,-61,13
-12,-60,13
-12,-61,12
-12,-61,12
-12,-61,12
-12,-61,13
-12,-60,13
-12,-61,13
-12,-61,13
-12,-61,13
-12,-61,13
-12,-61,13
-12,-61,13
-12,-61,13
-12,-61,13
-12,-61,13
-12,-60,13
-12,-61,13
-12,-61,13
-12,-61,13
-12,-61,13
-12,-61,13
-12,-61,13
-12,-61,13
-12,-61,13
-12,-61,13
-12,-61,13
-12,-61,13
-12,-61,13
-12,-61,13
-12,-61,13
-12,-61,13
-12,-61,13
-12,-61,13
-12,-60,13
-12,-61,13
-12,-61,12
-12,-61,13
-11,-60,14
-12,-61,13
-12,-61,13
-12,-61,12
-13,-61,11
-13,-61,10
-12,-61,11
-12,-61,11
-12,-61,11
-12,-61,12
-13,-61,12
-13,-61,12
-13,-61,11
-13,-61,12
-14,-60,13
-13,-60,13
-12,-60,16
-13,-60,15
-12,-61,16
-13,-59,16
-17,-60,14
-9,-60,18
-9,-60,19
-13,-60,20
-8,-65,27
-16,-73,7
-71,-65,86
-35,-33,118
-13,-44,99
-13,-49,80
-15,-44,66
0,-39,64
-18,-20,57
-18,-1,59
-5,6,60
7,20,31
-4,37,25
-30,48,29
-27,40,31
-19,40,32
-28,38,25
-16,40,28
-7,43,29
-9,51,27
-5,50,24
-4,51,19
-12,58,15
-9,59,17
-8,59,17
-3,62,11
1,62,15
-2,63,14
-6,62,11
-4,63,12
1,62,12
-2,60,12
-2,62,14
1,64,15
1,63,14
0,64,15
4,63,13
6,62,13
5,62,12
4,62,12
4,61,12
6,62,13
8,61,16
3,63,14
2,63,15
5,63,16
6,62,15
6,62,15
8,62,15
8,60,15
6,61,15
6,60,15
7,62,17
7,62,16
5,61,17
4,61,17
0,57,18
-5,49,19
-9,44,20
-17,36,24
-17,32,29
-14,32,31
-4,33,27
3,36,22
13,47,21
0,53,20
-5,53,21
-11,50,51
-16,31,45
-11,36,71
-3,14,74
10,-6,103
16,-5,100
33,5,81
-11,-11,80
-32,-10,76
-5,-10,56
-5,-31,67
-10,-41,72
6,-42,54
13,-44,48
-7,-52,52
-15,-59,50
-14,-53,47
-6,-46,37
3,-45,27
7,-47,30
1,-43,51
-1,-41,38
-9,-50,36
4,-44,52
-6,-44,62
-8,-41,61
-5,-43,43
-1,-47,44
5,-49,43
4,-50,47
-2,-51,43
-28,-58,18
-13,-66,16
-31,-63,17
-25,-60,25
-12,-62,36
-1,-57,48
9,-51,45
8,-57,46
11,-57,50
39,-55,26
39,-58,-17
21,-56,-24
-16,-49,-54
-7,-41,-46
-4,-45,-29
9,-39,-22
10,-36,-29
11,-58,-33
4,-61,-38
14,-74,-36
-4,-91,-43
15,-63,-22
22,-67,-20
12,-60,-28
14,-66,-20
23,-64,-13
25,-49,-22
25,-39,-16
28,-36,-26
39,-37,-32
30,-35,-27
26,-50,-13
30,-69,-21
20,-62,-23
18,-55,-16
30,-52,-19
35,-49,-27
18,-59,-17
21,-57,-20
23,-53,-21
20,-46,-15
22,-49,-27
38,-52,-32
30,-47,-23
21,-52,-23
26,-57,-17
33,-60,-22
24,-48,-17
30,-46,-23
31,-48,-20
24,-53,-19
25,-52,-15
13,-50,-19
17,-41,-22
35,-50,-24
29,-51,-32
32,-56,-23
26,-65,-25
23,-58,-25
29,-51,-23
27,-50,-22
23,-54,-21
22,-51,-24
26,-52,-22
23,-54,-20
25,-51,-21
27,-48,-26
32,-45,-27
24,-50,-26
21,-60,-23
20,-59,-27
22,-57,-25
28,-57,-22
31,-51,-25
27,-45,-20
23,-51,-19
27,-47,-21
26,-54,-23
22,-55,-26
26,-49,-24
21,-51,-26
25,-43,-28
35,-50,-20
21,-55,-25
25,-55,-29
26,-58,-26
28,-54,-25
35,-53,-27
26,-42,-19
21,-52,-20
26,-47,-23
25,-54,-22
24,-53,-22
27,-53,-22
28,-47,-28
31,-48,-30
27,-45,-22
22,-57,-19
24,-58,-30
30,-57,-26
30,-54,-26
24,-49,-21
30,-49,-20
29,-47,-24
30,-51,-23
27,-53,-21
24,-52,-30
25,-47,-29
21,-48,-26
22,-57,-19
30,-52,-22
33,-50,-24
26,-53,-28
21,-55,-22
31,-58,-24
27,-53,-21
26,-47,-19
35,-50,-23
29,-50,-25
23,-52,-23
28,-53,-29
27,-50,-25
28,-48,-30
26,-52,-20
22,-52,-24
33,-53,-24
27,-56,-25
32,-53,-25
37,-48,-22
24,-48,-18
22,-46,-22
31,-51,-23
30,-55,-23
27,-55,-22
30,-46,-29
30,-45,-24
27,-45,-31
29,-53,-19
26,-58,-25
32,-55,-27
22,-56,-25
34,-53,-25
34,-45,-26
28,-49,-15
20,-48,-18
33,-48,-22
30,-55,-26
26,-56,-30
24,-50,-33
17,-51,-36
14,-55,-29
29,-58,-23
34,-58,-26
27,-50,-35
21,-60,-25
40,-63,-22
1,-58,-18
13,-78,-17
18,-71,-18
3,-53,-29
-12,-56,-29
-20,-58,-36
2,-67,-27
-10,-61,-14
-32,-56,-13
-45,-57,-29
-37,-50,-32
-30,-51,-14
-23,-48,-19
-18,-47,-28
-12,-49,4
-24,-38,19
3,-45,21
6,-45,22
8,-39,43
11,-43,59
1,-40,58
-2,-45,51
-17,-47,56
-52,-70,51
-16,-49,61
-13,-39,58
-14,-41,46
-13,-44,42
-8,-41,40
-19,-39,38
-24,-41,42
-29,-36,53
-24,-32,59
-22,-30,57
-21,-29,53
-30,-34,54
-33,-38,54
-24,-37,55
-35,-39,66
-39,-48,82
-19,-60,82
-7,-52,77
-23,-50,75
-25,-36,85
-29,-30,75
-64,-21,40
-79,0,15
-74,10,0
-40,27,-24
17,34,3
50,52,14
85,58,49
2,34,77
5,37,65
26,46,-26
-126,30,-64
-78,-15,-31
25,51,17
48,27,32
40,1,18
21,27,14
4,40,6
-2,43,9
-9,38,31
-14,35,43
-19,38,58
-22,44,51
-25,40,56
6,43,92
2,36,82
-6,37,75
-3,38,69
-6,36,67
-6,35,62
-1,26,55
2,29,55
-4,30,51
-13,31,45
-11,33,42
-13,36,43
-31,34,51
-33,35,46
-40,32,46
-72,28,28
-66,30,23
-57,29,17
-74,22,9
-72,18,8
-54,23,5
-63,15,-9
-65,12,-11
-55,16,-8
-67,18,-20
-62,18,-18
-60,24,-15
-65,26,-15
-54,26,-6
-47,22,6
-71,22,-12
-61,27,-18
-45,40,-18
-48,35,-16
-57,23,-14
-57,34,-14
-61,33,-13
-52,31,-13
-59,31,-13
-60,32,-11
-45,24,2
-60,26,-2
-66,28,-2
-64,26,-8
-57,29,-6
-57,30,-6
-55,36,-11
-51,35,-11
-50,28,-16
-50,29,-12
-55,27,-18
-58,24,-15
-59,25,-14
-61,26,-13
-59,22,-12
-57,25,-13
-61,27,-11
-57,26,-11
-57,26,-10
-58,25,-10
-56,24,-11
-59,25,-11
-58,24,-12
-60,25,-11
-58,24,-11
-58,24,-13
-61,24,-10
-59,25,-11
-50,20,-3
-61,17,-5
-62,20,-2
-64,27,-8
-63,29,3
-58,23,-2
-66,27,-11
-57,25,-5
-55,24,-4
-58,25,-3
-58,25,-2
-59,27,-5
-67,25,-9
-72,25,-10
-70,28,-5
-66,29,-16
-49,27,2
-20,36,43
-24,37,55
-31,36,43
-39,35,23
-37,31,5
-46,30,-5
-65,25,-9
-57,27,-13
-63,31,-19
-71,25,-6
-63,23,-3
-52,30,-5
-58,23,-3
-66,26,-8
-60,26,-4
-53,28,-3
-52,29,-3
-59,33,-8
-55,31,-7
-55,29,-6
-61,30,-7
-56,32,-6
-56,31,-6
-54,31,-5
-55,31,-6
-56,30,-6
-56,28,-5
-58,28,-6
-58,30,-5
-56,30,-5
-57,29,-4
-58,30,-6
-58,31,-7
-56,31,-6
-56,28,-7
-59,29,-8
-58,29,-7
-55,29,-9
-58,27,-5
-58,28,-5
-57,29,-5
-55,29,-6
-56,30,-4
-59,31,-6
-57,31,-5
-55,30,-5
-54,29,-4
-55,27,-4
-55,22,-1
-61,22,3
-56,25,3
-49,28,-9
-59,24,-7
-68,25,-8
-60,31,-13
-62,29,-4
-65,29,-1
-59,25,-2
-55,21,2
-65,23,1
-58,25,-5
-60,26,-6
-60,23,-6
-60,24,-1
-57,23,-1
-55,23,0
-66,23,2
-58,19,12
-58,25,0
-65,24,-2
-68,23,-10
-64,28,-6
-61,26,-8
-66,29,-11
-61,27,-2
-57,31,13
-55,27,11
-52,27,-2
-59,30,-7
-60,27,-7
-51,26,-4
-54,25,-1
-55,24,-5
-54,26,-5
-55,27,-2
-58,28,1
-59,27,0
-60,27,0
-62,27,0
-56,30,0
-57,29,1
-58,28,3
-58,30,0
-57,29,0
-55,28,1
-55,28,3
-59,28,2
-56,29,1
-55,29,0
-56,29,-1
-58,26,0
-58,26,0
-57,27,4
-60,30,-3
-61,30,-5
-64,28,-8
-60,30,-6
-54,29,-4
-52,23,-1
-60,25,11
-61,27,11
-60,23,5
-59,24,4
-60,24,0
-60,25,4
-55,24,10
-56,27,11
-64,26,2
-64,26,1
-53,29,19
-53,21,9
-49,23,5
-63,28,10
-58,16,6
-62,19,-5
-70,31,0
-66,26,-1
-56,24,-9
-58,25,-5
-56,24,-3
-58,25,-2
-60,25,-7
-59,26,-6
-57,25,-5
-60,27,-7
-64,27,-6
-55,25,0
-58,24,-4
-57,23,-8
-50,24,-17
-53,30,-21
-58,31,-13
-57,28,0
-56,29,7
-60,32,13
-63,30,16
-61,24,20
-61,20,32
-61,18,25
-50,21,18
-47,26,29
-58,22,18
-56,23,15
-56,25,12
-60,28,11
-59,27,10
-58,27,10
-59,28,7
-58,30,8
-58,30,9
-59,29,7
-58,28,9
-52,16,18
-55,20,13
-59,23,17
-56,21,13
-66,26,3
-62,29,3
-60,26,6
-62,25,8
-67,21,8
-61,24,10
-57,30,11
-59,31,8
-52,31,5
-49,34,4
-55,32,7
-55,31,8
-53,33,8
-51,34,7
-52,34,8
-52,35,9
-52,33,10
-53,34,10
-55,34,11
-56,33,11
-55,32,12
-56,31,14
-59,30,14
-58,29,15
-48,35,17
-36,36,35
-27,36,45
-30,38,44
-42,38,39
-47,39,43
-50,30,47
-42,29,51
-27,26,60
-19,26,58
-18,26,56
-21,36,53
-28,43,48
-23,48,45
-18,53,47
-39,48,48
-39,55,47
-22,77,48
3,67,50
-3,55,46
-45,48,24
-57,43,18
-51,27,27
-22,15,43
-22,1,47
-28,-15,40
-37,-23,38
-39,-27,42
-36,-25,41
-42,-16,34
-44,-9,36
-57,-13,41
-56,-12,49
-50,-10,48
-51,-9,43
-56,-9,44
-54,-11,47
-51,-7,50
-52,-5,48
-53,-11,50
-47,-17,44
-51,-17,43
-51,-20,50
-39,-9,47
-40,5,44
-44,12,41
-37,14,42
-33,20,45
-32,22,48
-25,31,50
-21,29,50
-14,33,52
-9,32,52
-11,33,51
-20,33,40
-26,34,33
-36,39,29
-29,40,25
-29,42,25
-28,45,23
-34,48,23
-41,47,30
-48,43,33
-46,44,30
-38,44,32
-44,44,37
-69,29,18
-74,24,8
-81,20,-6
-71,17,-7
-65,19,-7
-64,30,-12
-64,28,-13
-59,24,-14
-62,26,-17
-63,27,-16
-64,30,-11
-52,29,-2
-54,33,-7
-60,33,-13
-53,32,-9
-48,30,-5
-47,26,-2
-49,30,4
-54,31,6
-57,32,4
-53,33,6
-57,32,4
-62,29,8
-63,32,13
-62,35,12
-63,34,5
-61,33,4
-55,32,4
-53,33,5
-50,34,9
-33,43,24
-28,46,33
-31,43,32
-36,47,23
-32,47,19
-33,46,18
-32,53,10
-27,55,10
-31,53,12
-55,53,1
-56,54,-2
-36,51,-1
-28,48,-5
-43,48,-4
-66,33,3
-23,43,14
-17,34,23
-50,22,35
-38,27,50
-45,27,53
-47,15,58
-47,8,55
-44,5,63
-44,12,61
-43,17,52
-46,14,45
-38,11,44
-43,1,50
-34,-3,59
-29,-3,61
-33,-8,57
-29,-7,57
-28,-5,59
-34,-7,57
-34,-11,55
-36,-15,52
-39,-18,50
-46,-25,42
-36,-16,49
-36,-11,54
-40,-5,54
-35,-1,55
-39,5,55
-40,3,50
-38,7,50
-38,11,48
-42,13,51
-41,13,51
-39,8,51
-37,4,54
-35,2,56
-32,-5,57
-29,-7,56
-29,-5,56
-26,-5,60
-27,-3,60
-27,0,57
-27,7,57
-28,14,57
-29,15,57
-29,18,57
-30,22,54
-29,35,52
-30,40,50
-32,38,51
-35,30,53
-32,28,49
-32,27,47
-34,22,48
-32,15,52
-32,12,52
-35,7,55
-32,2,56
-30,3,55
-29,2,58
-27,-1,61
-25,0,60
-25,-3,57
-25,-6,57
-28,-12,56
-34,-23,56
-30,-26,51
-8,-22,59
-15,-14,70
-21,-13,67
-26,-11,64
-30,-24,65
-36,-32,56
-40,-31,38
-37,-27,40
-33,-27,42
-31,-22,46
-26,-11,50
-25,-7,53
-23,2,64
-26,8,72
-35,17,77
-12,25,68
1,10,61
-9,-8,53
-28,-14,54
-31,-19,58
-27,-21,59
-19,-17,57
-17,-14,56
-14,-9,59
-14,-8,74
-18,-8,79
-7,-10,81
-16,-14,80
-33,-13,67
-29,-7,56
-31,1,58
-19,30,66
-13,36,53
-10,33,41
5,40,43
-2,40,43
0,40,40
3,41,40
7,46,40
10,48,40
14,49,40
16,49,42
17,48,44
13,45,51
11,46,48
8,46,51
3,47,52
8,49,49
10,46,38
-10,40,27
-16,39,24
-19,17,25
-13,9,44
-13,10,55
-15,18,67
-27,15,67
-68,-11,97
-88,-11,27
-32,-3,26
-47,5,47
-30,4,65
-12,-2,62
-19,1,64
-31,-5,56
-34,-8,52
-36,-9,53
-33,-9,54
-32,-9,56
-29,-10,59
-28,-10,56
-30,-10,56
-30,-8,55
-30,-6,58
-30,-6,58
-30,-8,57
-29,-8,55
-29,-6,56
-29,-2,57
-29,-1,57
-32,-2,57
-32,-2,55
-32,-1,55
-31,2,55
-31,4,56
-32,5,56
-33,6,55
-34,8,54
-33,8,54
-33,10,54
-34,11,53
-34,12,53
-34,14,53
-34,15,53
-34,15,53
-35,17,53
-35,17,53
-35,18,53
-34,18,52
-34,18,52
-35,18,52
-35,18,52
-35,17,53
-35,17,52
-34,17,53
-35,16,53
-34,15,53
-34,14,53
-34,14,53
-34,13,53
-34,11,53
-34,11,53
-34,9,54
-34,8,54
-34,7,54
-33,6,54
-33,5,54
-34,4,54
-34,2,54
-33,2,55
-33,1,55
-33,0,55
-33,-1,55
-32,-2,55
-31,-3,56
-31,-4,57
-31,-6,56
-30,-7,56
-30,-7,57
-29,-7,57
-28,-8,57
-29,-8,57
-29,-7,57
-29,-7,57
-29,-6,57
-28,-6,57
-29,-5,57
-29,-4,57
-29,-3,57
-29,-2,57
-30,-2,56
-29,0,56
-30,1,56
-31,3,56
-31,4,56
-32,4,55
-32,6,55
-32,7,55
-32,8,55
-32,10,55
-32,10,55
-32,12,55
-33,13,54
-33,14,54
-33,15,54
-33,16,54
-33,16,54
-34,17,53
-34,17,53
-34,17,53
-34,17,53
-34,17,53
-34,16,53
-34,16,53
-34,16,53
-34,16,53
-34,14,53
-34,14,53
-34,13,53
-34,12,54
-34,12,54
-34,11,54
-34,9,54
-33,8,54
-33,7,55
-33,6,55
-33,5,55
-33,4,55
-32,3,55
-32,2,55
-32,1,56
-32,0,56
-31,-1,56
-31,-2,56
-31,-3,56
-31,-4,56
-31,-5,57
-30,-6,57
-30,-7,56
-29,-7,57
-29,-7,57
-29,-7,57
-29,-7,57
-29,-6,57
-29,-6,57
-29,-6,57
-29,-6,57
-29,-5,57
-29,-4,57
-29,-3,57
-30,-2,57
-30,-2,56
-30,0,56
-30,1,56
-30,2,56
-31,4,56
-31,5,56
-32,6,55
-32,8,55
-31,9,55
-32,9,55
-32,11,55
-32,12,55
-32,13,55
-33,14,54
-33,14,54
-33,15,54
-33,16,54
-33,16,54
-33,16,54
-33,16,54
-33,16,54
-34,16,53
-33,15,53
-33,16,53
-33,16,54
-33,15,54
-34,14,54
-34,13,54
-34,11,54
-34,10,54
-33,9,54
-32,8,54
-32,8,55
-32,6,55
-32,5,56
-33,4,55
-32,2,55
-31,2,56
-30,-1,57
-29,-2,57
-30,-3,57
-30,-4,56
-30,-5,57
-30,-5,57
-29,-6,57
-29,-7,58
-28,-8,57
-28,-8,57
-28,-8,57
-28,-8,57
-29,-6,57
-30,-5,57
-30,-5,57
-29,-4,57
-29,-5,57
-29,-4,58
-29,-4,57
-30,-3,56
-30,0,56
-29,2,57
-30,3,57
-30,4,56
-31,6,55
-31,6,55
-30,7,56
-30,7,56
-31,9,55
-31,11,55
-32,12,55
-32,12,54
-32,13,55
-33,14,55
-33,15,53
-34,15,54
-34,15,53
-34,15,53
-34,16,53
-34,16,53
-34,17,54
-35,15,53
-35,15,53
-33,14,53
-33,15,53
-37,12,52
-48,10,52
-43,13,58
-48,24,55
-27,29,63
-20,39,65
-12,37,61
-19,42,49
-11,33,45
-3,39,44
6,33,47
10,29,42
14,22,42
11,16,48
7,15,50
10,12,57
6,7,56
6,6,52
7,2,56
25,4,38
-43,-35,121
-11,25,82
-2,5,52
0,15,56
-14,14,75
-22,5,80
-22,5,81
4,7,63
-31,4,58
-6,30,69
-9,32,59
-3,35,55
18,28,56
16,24,52
20,15,43
40,7,46
43,4,49
32,-4,51
40,-6,54
44,-8,54
33,16,48
61,-22,45
32,24,41
42,-5,40
43,-3,51
48,2,49
41,-9,44
39,-4,37
42,-3,41
43,3,45
43,2,45
40,1,42
27,-6,42
40,-7,45
52,-8,67
36,-2,57
33,-2,55
38,-6,61
54,-34,68
59,-22,68
34,1,45
47,-1,53
50,1,53
35,0,41
30,5,37
32,22,48
16,9,52
3,8,52
-3,7,62
-14,3,61
-19,7,60
-14,24,72
-15,30,67
-18,17,63
-23,23,87
10,23,63
0,9,46
-24,15,51
3,17,68
10,11,70
6,12,57
-1,10,48
7,8,60
4,5,61
0,9,59
-5,4,74
5,9,87
8,18,70
-9,3,29
-9,25,99
16,27,85
-3,8,62
-11,20,70
1,17,70
6,13,58
6,18,51
6,20,49
-1,24,41
-12,27,40
-15,26,39
-11,29,47
-11,31,49
-32,24,68
-32,18,83
-28,15,66
-37,17,56
-37,22,55
-30,23,51
-27,27,50
-28,27,53
-25,28,51
-26,29,53
-27,27,55
-25,26,53
-23,25,55
-24,27,54
-23,28,52
-23,25,56
-23,24,56
-24,23,55
-22,22,56
-23,21,56
-27,22,58
-30,23,57
-32,27,60
-40,26,60
-31,31,55
-31,33,48
-34,35,55
-22,28,59
-19,27,60
-10,29,57
-8,31,63
-9,17,77
8,13,54
4,7,49
-9,7,61
-7,1,54
-6,-5,48
-11,-12,57
-10,-34,86
5,-33,59
-3,-24,51
23,-8,54
32,-11,59
-5,-12,88
21,12,82
17,7,74
-45,-8,41
-46,-2,46
-34,-5,54
-10,-9,68
-9,-13,65
-29,-5,62
-19,1,67
-10,-5,65
-9,-16,68
-11,-10,57
13,-8,53
19,-11,53
29,-3,22
33,-11,16
-59,-104,87
6,-44,48
6,-30,52
-26,-46,34
-22,-48,37
-20,-50,41
17,-51,46
6,-52,38
-29,-56,14
-11,-64,12
-13,-62,11
-9,-62,15
-6,-58,16
-3,-58,23
2,-58,24
1,-68,14
-10,-73,26
-9,-95,15
-13,-89,31
-9,-72,34
-13,-73,4
-5,-86,-26
31,-72,9
34,-59,-4
38,-58,-17
39,-50,-11
42,-38,-34
15,-48,-43
-1,-72,-18
6,-53,-10
18,-57,-10
6,-61,-9
-7,-53,-8
-8,-50,-6
0,-48,-1
-2,-48,-1
1,-49,3
-3,-50,2
1,-52,4
-2,-57,9
-6,-52,7
-5,-52,7
-12,-51,7
-13,-49,9
-12,-49,11
-14,-49,10
-17,-49,9
-17,-50,7
-15,-44,7
-13,-41,5
-13,-40,7
-12,-45,7
-9,-61,5
-7,-77,-1
-6,-115,-12
-17,-108,-17
-19,-92,-12
-18,-79,-3
-17,-78,0
-18,-82,0
-17,-82,-6
-14,-75,-9
-11,-67,-11
-3,-65,-6
-2,-63,-5
-4,-61,-6
-6,-63,-10
-7,-65,-12
-11,-67,-14
-18,-69,-8
-24,-68,-4
-25,-65,2
-23,-59,5
-26,-44,18
-34,-34,36
-34,-35,39
-33,-38,27
-39,-41,20
-38,-45,22
-31,-50,27
-32,-50,31
-32,-50,31
-33,-50,30
-39,-51,29
-39,-52,31
-30,-49,37
-23,-48,39
-19,-48,39
-15,-45,42
-14,-43,43
-15,-39,43
-22,-33,41
-28,-30,41
-29,-21,37
-44,-11,30
-53,-9,29
-57,-10,27
-56,-10,28
-57,-10,28
-60,-12,25
-64,-10,24
-66,-10,24
-66,-12,26
-60,-13,26
-58,-12,24
-58,-8,18
-55,-7,20
-52,-7,21
-53,-5,17
-58,-5,13
-67,-5,21
-34,-17,29
-43,-25,27
-92,-23,40
-61,-3,50
-74,-1,40
-56,-2,66
-60,-6,59
-57,-6,54
-60,-1,46
-52,-2,43
-44,-2,40
-53,2,32
-70,4,18
-72,4,11
-57,-3,37
-61,-3,44
-68,6,45
-75,32,35
-81,37,25
-69,27,16
-55,32,10
-53,35,20
-54,27,22
-51,17,19
-43,15,24
-42,12,26
-41,11,31
-42,9,28
-51,1,25
-50,-3,30
-49,4,34
-46,4,33
-45,2,32
-41,4,37
-32,8,47
-34,11,45
-34,16,44
-36,16,47
-33,18,47
-37,17,46
-39,20,41
-40,20,44
-42,14,46
-45,13,39
-42,11,39
-47,10,28
-52,13,27
-41,10,31
-36,10,33
-44,14,29
-43,23,35
-43,15,36
-51,20,31
-50,20,33
-54,23,30
-55,21,27
-56,18,25
-61,16,21
-64,13,19
-66,11,14
-66,11,12
-65,11,10
-64,11,16
-64,6,11
-67,2,12
-66,-5,18
-62,-6,15
-59,-4,4
-58,-1,6
-58,0,10
-80,9,-7
-78,35,-19
-66,46,-6
-53,33,39
-36,39,71
-29,38,73
-16,35,101
20,32,81
67,47,52
-17,49,-24
7,-11,15
-4,-24,96
-40,-1,53
-36,-9,46
-8,-4,55
-15,2,44
-16,3,43
-21,-1,46
-14,-3,53
-18,-5,51
-28,-12,46
-30,-21,49
-29,-25,50
-43,-31,52
-33,-44,54
-28,-45,52
-11,-41,44
-34,-50,40
-45,-58,41
-34,-49,39
-35,-49,37
-42,-49,30
-37,-45,24
-41,-48,22
-52,-61,16
-35,-55,15
-28,-56,14
-19,-65,12
-25,-67,5
-29,-67,6
-32,-75,-6
-26,-67,-3
-19,-71,-5
-10,-69,2
-12,-72,2
2,-74,13
-17,-63,9
-20,-58,10
-1,-56,11
-29,-61,3
-33,-62,-4
-13,-62,-4
-12,-63,-1
-8,-61,3
-6,-64,-19
-14,-67,5
-5,-51,8
3,-56,15
-10,-51,13
-5,-54,10
4,-55,4
-1,-63,1
10,-74,23
10,-64,16
8,-69,7
16,-61,34
-36,-71,-15
-10,-86,-1
12,-60,-12
7,-60,4
6,-64,5
7,-63,19
1,-64,15
-1,-64,16
6,-61,10
3,-62,11
4,-62,9
2,-62,10
5,-63,14
3,-63,14
4,-62,19
7,-62,21
-1,-63,18
11,-66,23
13,-73,22
15,-76,29
-2,-94,14
-29,-93,-11
-24,-96,-21
-43,-63,-15
-36,-44,-11
-25,-38,-4
-72,-57,6
-42,-92,-16
0,-49,59
-8,-32,67
-7,-22,12
-7,-16,6
-16,-19,10
-13,-72,4
-15,-72,5
-8,-54,12
-12,-70,5
-10,-65,25
-16,-71,36
-38,-70,34
-27,-36,32
-25,-40,23
-5,-60,8
-15,-94,12
3,-85,26
-23,-77,1
-32,-79,22
-36,-64,-19
-56,-60,-46
-57,-56,-31
-58,-39,-36
-52,-23,-38
-51,-14,-41
-62,-3,-32
-55,-2,-14
-52,-4,-19
-50,-13,-26
-59,-26,-10
-57,-26,-16
-39,-19,-11
-45,-14,-4
-48,-12,-4
-49,-6,1
-50,-1,-4
-58,6,-4
-53,9,-13
-53,18,-14
-62,18,-6
-62,14,-13
-56,15,-11
-56,12,-9
-62,11,-14
-62,10,-16
-60,10,-12
-59,10,-8
-60,10,-8
-65,13,-10
-62,9,-7
-59,6,-10
-70,11,-17
-65,10,-17
-58,8,-12
-67,5,-19
-57,2,-15
-55,3,-9
-60,0,-14
-66,3,-22
-66,13,-19
-62,11,-25
-60,13,-23
-54,10,-15
-61,8,-17
-58,10,-20
-60,7,-20
-64,5,-25
-62,4,-23
-61,3,-22
-61,3,-23
-62,3,-25
-62,4,-26
-65,2,-25
-58,3,-25
-61,5,-27
-60,5,-28
-56,5,-27
-58,3,-29
-56,2,-29
-51,3,-31
-56,4,-29
-61,1,-21
-75,-12,-23
-74,-13,-23
-78,-10,-22
-71,5,-25
-66,10,-18
-68,6,-12
-72,4,-22
-68,6,-26
-59,9,-28
-55,12,-32
-55,11,-31
-51,9,-30
-51,12,-32
-48,15,-30
-46,11,-18
-54,15,-23
-54,19,-24
-54,20,-17
-54,20,-10
-53,23,-5
-62,20,0
-63,18,2
-60,16,1
-54,18,-1
-54,19,-2
-57,23,6
-57,19,1
-57,19,-6
-56,21,-13
-56,18,-7
-59,19,-8
-61,28,-7
-63,30,-7
-67,32,-4
-60,28,-4
-63,23,-8
-68,23,-14
-62,21,-12
-61,21,-11
-60,22,-11
-59,22,-9
-59,22,-8
-56,24,-11
-64,24,-13
-62,22,-11
-54,20,-10
-56,26,-17
-57,28,-21
-52,24,-17
-49,25,-16
-51,24,-18
-51,25,-19
-48,23,-18
-51,24,-21
-53,25,-19
-51,25,-19
-55,27,-19
-56,27,-24
-58,28,-24
-68,28,-23
-66,28,-21
-67,26,-22
-45,23,-18
-60,15,-20
-58,19,-20
-49,24,-18
-48,17,-19
-57,19,-29
-59,23,-37
-66,24,-10
-60,18,-4
-61,15,-12
-61,17,-19
-68,15,-18
-60,11,-18
-61,9,-18
-69,6,-13
-66,2,-7
-66,4,-10
-64,12,-15
-60,15,-13
-60,13,-10
-57,14,-15
-61,13,-15
-65,12,-8
-56,5,7
-52,4,6
-54,12,0
-59,10,1
-61,9,-3
-62,9,-2
-53,-1,13
-52,-3,20
-59,5,3
-66,13,-14
-68,17,-22
-68,23,-29
-67,23,-23
-66,21,-20
-61,17,-15
-62,16,-21
-61,17,-21
-56,16,-20
-56,16,-21
-56,19,-26
-51,18,-22
-53,18,-22
-60,22,-24
-57,20,-21
-58,19,-18
-57,19,-19
-60,18,-20
-60,18,-19
-60,16,-19
-60,15,-18
-60,16,-18
-60,14,-16
-58,14,-19
-59,16,-19
-60,15,-19
-53,12,-15
-57,12,-12
-66,12,-11
-67,12,-12
-63,13,-12
-63,13,-11
-62,13,-13
-58,11,-9
-60,14,-17
-62,12,-16
-56,9,3
-63,1,0
-68,3,-5
-67,11,-8
-65,10,-12
-61,8,-11
-58,8,-8
-62,7,-9
-60,3,-9
-54,5,-11
-57,5,-13
-61,7,-14
-61,3,-8
-58,2,-11
-58,5,-5
-78,-5,-12
-83,-1,-25
-71,10,-16
-64,6,-14
-66,5,-17
-66,9,-17
-64,10,-17
-64,12,-17
-63,12,-15
-64,11,-16
-64,13,-17
-61,13,-16
-62,13,-14
-62,13,-16
-61,14,-16
-59,14,-14
-53,14,-10
-45,18,-7
-47,17,-5
-62,11,-9
-65,8,-13
-61,10,-11
-62,10,-8
-63,11,-5
-63,12,-7
-63,14,-8
-62,14,-7
-63,13,-7
-65,13,-7
-65,13,-7
-68,13,-9
-69,12,-10
-69,12,-10
-67,15,-12
-57,16,-7
-55,16,-6
-55,17,-7
-47,17,-5
-51,17,-7
-62,11,-9
-62,9,-9
-64,9,-8
-64,11,-7
-62,13,-8
-63,14,-8
-65,14,-8
-65,14,-8
-64,15,-9
-62,16,-9
-60,16,-9
-59,16,-10
-65,14,-12
-66,12,-14
-65,12,-13
-62,12,-12
-60,13,-10
-57,13,-11
-59,14,-12
-60,13,-11
-63,11,-11
-64,11,-11
-64,11,-12
-63,13,-10
-63,13,-10
-62,13,-11
-61,14,-11
-62,13,-10
-63,13,-11
-63,13,-13
-63,13,-12
-63,12,-11
-62,12,-11
-62,12,-12
-61,12,-12
-61,11,-11
-62,11,-11
-62,11,-11
-61,11,-11
-61,11,-10
-62,12,-10
-61,12,-10
-63,11,-10
-62,11,-9
-62,12,-10
-63,12,-10
-62,12,-10
-62,12,-10
-63,11,-10
-62,12,-10
-63,11,-10
-62,12,-10
-62,11,-9
-62,11,-9
-63,12,-10
-63,11,-10
-62,11,-9
-62,11,-9
-62,12,-9
-62,12,-9
-62,12,-9
-62,12,-9
-62,12,-8
-63,12,-9
-63,12,-9
-62,11,-10
-62,11,-9
-63,11,-8
-64,11,-8
-64,12,-8
-64,12,-8
-61,12,-7
-60,13,-7
-58,14,-7
-60,13,-8
-61,12,-9
-63,11,-11
-63,11,-10
-64,10,-10
-63,11,-11
-61,12,-10
-61,13,-9
-60,13,-9
-62,13,-8
-62,12,-9
-62,13,-9
-64,12,-9
-64,12,-9
-64,11,-9
-63,11,-9
-62,11,-9
-62,11,-10
-62,11,-10
-62,11,-10
-61,10,-11
-61,10,-12
-61,11,-12
-60,11,-13
-60,11,-13
-61,10,-13
-60,11,-13
-59,10,-13
-61,10,-13
-64,9,-11
-65,8,-11
-66,8,-10
-67,9,-10
-66,9,-7
-65,9,-4
-63,9,-6
-64,9,-7
-63,9,-9
-62,9,-9
-64,8,-9
-65,8,-12
-65,8,-13
-63,9,-13
-59,12,-11
-58,12,-10
-57,13,-10
-58,12,-9
-60,11,-9
-65,8,-11
-66,8,-12
-68,7,-13
-65,10,-11
-63,11,-10
-64,12,-10
-61,13,-10
-60,13,-11
-58,13,-9
-59,14,-11
-60,13,-12
-62,12,-12
-61,12,-11
-62,11,-12
-62,12,-12
-61,12,-13
-59,13,-13
-57,14,-13
-57,14,-13
-56,12,-14
-58,11,-13
-59,9,-13
-64,7,-13
-66,8,-15
-67,8,-15
-66,8,-12
-67,8,-12
-67,9,-12
-67,7,-12
-63,7,-12
-63,7,-12
-62,6,-12
-63,6,-13
-64,6,-13
-63,6,-14
-63,6,-14
-60,6,-12
-62,6,-11
-63,6,-12
-61,7,-12
-62,7,-12
-62,7,-11
-61,7,-12
-63,7,-13
-62,7,-13
-63,7,-12
-62,6,-12
-63,7,-12
-62,6,-11
-62,7,-12
-62,7,-11
-62,7,-11
-63,8,-12
-63,8,-12
-62,8,-11
-63,7,-11
-64,8,-11
-63,8,-11
-63,8,-11
-61,8,-8
-62,8,-9
-64,8,-9
-67,5,-9
-63,8,-10
-62,10,-11
-59,11,-11
-58,13,-11
-59,12,-12
-64,10,-11
-66,8,-9
-67,7,-11
-66,6,-11
-64,7,-9
-61,11,-8
-59,14,-10
-58,14,-10
-58,13,-12
-62,11,-12
-64,9,-12
-62,9,-11
-59,10,-10
-61,11,-11
-63,11,-12
-64,11,-12
-64,11,-12
-62,12,-11
-63,12,-11
-63,11,-11
-63,11,-10
-63,11,-10
-63,10,-9
-64,9,-8
-64,7,-7
-63,8,-7
-62,8,-6
-62,8,-6
-63,8,-6
-63,9,-7
-62,9,-7
-62,10,-7
-62,10,-8
-62,11,-8
-62,11,-9
-62,11,-9
-63,10,-9
-65,10,-10
-65,10,-11
-64,9,-11
-62,10,-10
-61,10,-9
-60,10,-10
-62,10,-11
-62,9,-11
-63,9,-11
-64,10,-11
-63,10,-11
-62,11,-10
-63,10,-10
-63,10,-10
-62,11,-11
-62,10,-11
-63,8,-10
-64,8,-9
-64,8,-9
-64,8,-9
-61,10,-8
-59,11,-8
-58,12,-8
-61,11,-10
-62,10,-10
-64,9,-12
-63,9,-11
-62,10,-11
-62,11,-11
-63,11,-11
-64,10,-11
-64,9,-10
-64,9,-10
-63,9,-10
-62,9,-9
-62,9,-9
-63,9,-10
-60,9,-11
-58,10,-12
-57,12,-12
-62,9,-11
-61,8,-13
-60,10,-15
-61,8,-12
-62,8,-12
-64,9,-13
-64,9,-13
-64,9,-12
-64,9,-12
-65,8,-11
-65,7,-12
-64,7,-12
-63,7,-12
-62,7,-11
-62,7,-12
-62,7,-13
-62,6,-13
-61,5,-13
-61,6,-14
-60,8,-14
-61,9,-13
-62,10,-13
-63,9,-13
-64,9,-13
-64,8,-13
-64,7,-14
-63,6,-14
-62,6,-14
-61,6,-13
-60,6,-14
-61,6,-13
-61,6,-13
-61,7,-13
-61,7,-13
-62,7,-14
-63,8,-14
-63,7,-13
-63,8,-14
-63,8,-14
-63,8,-14
-63,8,-14
-63,8,-14
-63,8,-15
-62,8,-15
-62,8,-15
-62,8,-14
-62,8,-14
-61,8,-14
-61,8,-12
-62,9,-12
-65,11,-11
-65,13,-13
-66,13,-13
-66,13,-11
-63,11,-11
-62,10,-11
-58,11,-12
-53,13,-12
-54,13,-12
-62,11,-14
-64,11,-15
-68,9,-14
-65,12,-13
-63,14,-12
-59,16,-13
-55,17,-14
-53,17,-13
-52,18,-12
-59,12,-15
-61,10,-16
-65,7,-12
-67,6,-12
-67,8,-10
-70,11,-7
-70,13,-8
-66,17,-8
-66,16,-8
-66,16,-10
-66,16,-13
-62,16,-12
-61,15,-11
-59,16,-12
-61,15,-11
-61,15,-10
-60,15,-10
-59,15,-8
-58,15,-7
-58,15,-6
-58,14,-7
-58,14,-7
-55,13,-6
-54,12,-5
-58,10,-3
-60,9,-3
-61,9,-3
-63,10,-3
-60,10,-1
-62,9,0
-67,8,-3
-65,7,-4
-65,6,-3
-68,4,-5
-65,4,-4
-66,3,-1
-65,4,-3
-63,6,-6
-61,6,-6
-61,7,-6
-62,8,-10
-63,8,-11
-65,10,-13
-67,11,-14
-68,9,-15
-66,11,-14
-64,13,-14
-61,13,-16
-60,13,-15
-60,13,-15
-59,13,-14
-59,12,-16
-59,11,-16
-59,11,-16
-58,11,-16
-59,11,-16
-60,11,-16
-61,11,-16
-63,9,-15
-63,9,-13
-65,8,-12
-68,10,-11
-69,10,-11
-68,10,-12
-65,13,-12
-67,14,-15
-66,14,-16
-63,14,-17
-61,15,-17
-61,14,-18
-58,14,-17
-55,15,-16
-54,14,-15
-50,14,-14
-49,14,-14
-48,13,-13
-51,10,-12
-56,8,-13
-68,3,-14
-72,2,-12
-71,3,-10
-69,7,-5
-66,10,-5
-68,11,-6
-69,8,-7
-67,9,-9
-65,9,-10
-63,7,-11
-63,7,-13
-63,6,-13
-60,6,-12
-59,7,-12
-60,7,-12
-62,7,-12
-63,7,-12
-64,7,-13
-64,7,-12
-64,7,-12
-63,7,-11
-62,8,-11
-62,8,-11
-61,8,-11
-59,8,-10
-58,8,-8
-58,8,-6
-59,9,-2
-67,8,-5
-76,5,-11
-76,5,-6
-76,4,-6
-71,5,-7
-67,6,-7
-62,9,-10
-55,10,-12
-51,10,-12
-47,11,-13
-48,9,-12
-56,6,-14
-69,1,-24
-65,0,-16
-62,2,-12
-57,8,-11
-55,13,-15
-53,15,-15
-49,13,-12
-50,11,-13
-59,2,-21
-66,-3,-22
-68,-5,-19
-68,-10,-17
-66,-7,-16
-66,-4,-18
-65,0,-17
-65,2,-18
-65,2,-16
-64,-1,-15
-66,-3,-16
-67,-4,-18
-67,-6,-18
-64,-7,-16
-62,-6,-17
-60,-6,-17
-60,-5,-17
-60,-5,-16
-60,-5,-15
-60,-4,-14
-61,-3,-14
-60,-2,-14
-60,-2,-14
-61,-1,-14
-62,0,-14
-62,1,-14
-62,1,-15
-61,1,-15
-61,1,-14
-61,1,-14
-63,1,-15
-63,1,-15
-63,1,-15
-62,1,-15
-62,1,-16
-63,1,-16
-63,1,-16
-63,1,-16
-63,2,-16
-63,2,-16
-63,2,-16
-62,2,-16
-63,2,-16
-61,2,-16
-61,3,-15
-61,4,-15
-62,5,-15
-66,5,-14
-67,3,-14
-65,4,-14
-64,5,-14
-62,3,-14
-60,4,-13
-60,5,-13
-59,6,-12
-58,7,-12
-58,7,-12
-58,8,-13
-60,7,-13
-61,7,-14
-62,7,-13
-63,7,-14
-64,7,-14
-65,8,-14
-65,8,-14
-67,8,-14
-67,8,-15
-65,9,-14
-61,11,-11
-58,12,-10
-56,12,-9
-56,12,-10
-64,7,-14
-68,6,-16
-66,4,-14
-64,7,-14
-62,9,-13
-60,10,-13
-57,11,-12
-56,11,-13
-55,10,-13
-57,11,-13
-63,9,-16
-65,8,-14
-66,7,-13
-65,6,-13
-64,7,-14
-63,6,-14
-60,7,-13
-60,7,-13
-61,6,-14
-61,7,-13
-62,6,-14
-62,5,-14
-64,5,-15
-63,4,-14
-63,3,-15
-63,3,-14
-61,2,-12
-60,3,-12
-60,3,-13
-60,4,-13
-61,3,-13
-60,3,-14
-61,3,-14
-61,4,-14
-60,3,-15
-60,4,-15
-59,4,-15
-58,5,-14
-59,5,-15
-61,6,-17
-62,5,-18
-62,5,-17
-61,5,-18
-60,5,-19
-62,5,-21
-63,6,-21
-61,6,-20
-62,7,-20
-64,7,-20
-66,7,-20
-65,7,-20
-64,6,-21
-64,6,-22
-66,6,-24
-62,4,-22
-60,3,-21
-57,4,-20
-56,5,-20
-57,6,-20
-56,6,-20
-59,5,-19
-61,5,-20
-62,4,-20
-62,4,-20
-61,5,-19
-62,5,-20
-61,5,-20
-61,5,-21
-62,6,-22
-62,5,-22
-61,6,-23
-61,6,-24
-60,6,-23
-59,7,-23
-59,7,-23
-60,7,-23
-59,8,-23
-59,8,-22
-60,8,-21
-59,8,-21
-58,9,-21
-59,9,-19
-59,10,-19
-59,11,-20
-58,11,-19
-59,12,-19
-58,12,-19
-59,13,-20
-59,12,-20
-61,12,-20
-62,12,-21
-62,12,-20
-62,12,-19
-62,12,-16
-62,13,-17
-62,12,-15
-61,11,-14
-62,11,-13
-61,10,-15
-59,10,-15
-59,10,-15
-58,10,-14
-60,10,-15
-61,10,-15
-60,11,-14
-62,10,-13
-62,10,-13
-63,12,-13
-62,12,-12
-62,12,-11
-63,14,-10
-63,14,-9
-62,14,-7
-61,14,-6
-62,13,-6
-61,10,-6
-60,11,-7
-61,9,-8
-62,9,-10
-63,9,-10
-62,9,-11
-61,11,-10
-59,10,-10
-59,11,-12
-61,10,-13
-56,10,-13
-57,11,-19
-60,13,-25
-63,13,-24
-60,10,-22
-55,11,-27
-58,12,-32
-59,9,-23
-62,7,-21
-66,8,-23
-63,8,-25
-60,6,-18
-59,6,-16
-60,6,-17
-63,6,-16
-60,6,-12
-56,8,-10
-61,10,-10
-63,9,-10
-66,10,-19
-64,12,-18
-65,9,-12
-65,8,-10
-62,9,-8
-65,9,-9
-62,10,-11
-60,11,-10
-66,10,-7
-58,11,-1
-57,11,2
-61,13,-8
-64,17,-6
-60,18,0
-63,10,-2
-63,13,-6
-63,13,-5
-68,11,-7
-64,13,-10
-66,14,-14
-63,15,-6
-64,16,-4
-57,12,-5
-66,13,-20
-67,15,-20
-51,10,-7
-67,6,-9
-76,11,-12
-57,14,-8
-60,9,-8
-63,12,-10
-63,15,-10
-58,12,-8
-60,11,-9
-60,13,-9
-61,9,-10
-64,8,-14
-63,11,-9
-62,9,-7
-63,9,-11
-60,12,-11
-61,10,-10
-67,8,-11
-63,12,-8
-64,10,-8
-62,7,-3
-63,8,-4
-62,7,-3
-55,6,-3
-58,6,-17
-67,10,-27
-62,14,-30
-54,13,-29
-53,9,-23
-67,9,-13
-72,8,-13
-65,7,-15
-58,12,-18
-62,11,-13
-68,4,-12
-58,2,-9
-64,0,-10
-59,5,-13
-61,5,-16
-63,7,-15
-64,9,-11
-63,9,-14
-64,10,-17
-58,9,-13
-59,7,-12
-64,5,-17
-62,9,-20
-62,6,-17
-61,7,-17
-62,8,-17
-62,8,-18
-60,7,-15
-62,8,-16
-62,9,-15
-61,8,-15
-59,8,-15
-61,8,-16
-62,9,-16
-60,8,-17
-59,7,-14
-59,7,-16
-62,7,-20
-60,10,-25
-57,8,-19
-57,7,-16
-63,4,-15
-64,6,-15
-63,6,-15
-63,7,-17
-62,7,-17
-63,6,-18
-62,7,-18
-58,7,-18
-58,8,-15
-63,6,-14
-63,5,-15
-63,6,-15
-59,0,1
-64,-4,-1
-63,0,-9
-62,4,-21
-63,7,-20
-61,8,-13
-61,7,-14
-62,8,-18
-63,9,-22
-59,7,-17
-62,6,-16
-64,5,-18
-60,7,-18
-59,7,-19
-61,7,-17
-60,6,-16
-60,6,-15
-62,6,-16
-62,6,-16
-62,6,-17
-61,6,-16
-61,6,-16
-61,6,-16
-64,7,-16
-64,7,-17
-65,8,-16
-67,10,-15
-67,11,-16
-53,8,-14
-60,6,-11
-62,7,-12
-58,6,-4
-68,2,-7
-67,3,-9
-61,7,-12
-62,8,-11
-64,5,-9
-61,7,-8
-63,7,-6
-65,6,-6
-62,7,-6
-60,7,-5
-64,6,-7
-63,7,-7
-64,7,-7
-63,6,-8
-64,6,-7
-64,6,-7
-62,5,-4
-66,3,-8
-64,4,-7
-64,3,-8
-61,6,-6
-65,8,-8
-63,6,-5
-63,6,-5
-64,6,-5
-62,7,-5
-59,6,-2
-60,5,-7
-61,7,-9
-64,6,-7
-65,5,-10
-61,7,-10
-59,7,-11
-64,6,-11
-66,3,-7
-68,4,-8
-65,7,-11
-63,7,-11
-63,4,-10
-64,4,-3
-63,2,0
-64,-2,0
-66,0,-11
-61,5,-16
-54,8,-21
-64,7,-16
-63,7,-19
-56,6,-17
-64,8,-21
-64,7,-19
-63,5,-17
-61,6,-18
-62,6,-19
-59,7,-18
-63,8,-18
-51,0,-3
-67,-1,-13
-65,3,-18
-62,1,-14
-66,5,-12
-67,8,-21
-58,2,-20
-57,3,-7
-64,2,-13
-62,2,-17
-60,1,-11
-63,1,-14
-64,2,-15
-63,4,-16
-62,6,-15
-60,4,-14
-62,4,-15
-65,6,-16
-65,3,-16
-64,4,-15
-60,4,-12
-60,3,-12
-62,4,-13
-63,5,-13
-62,5,-11
-63,6,-12
-65,6,-16
-64,5,-12
-64,6,-12
-64,7,-11
-65,9,-16
-65,12,-15
-61,6,-3
-59,1,-3
-56,5,-7
-64,7,-6
-67,2,-8
-65,1,-7
-63,7,-8
-63,6,-8
-65,5,-8
-62,6,-7
-63,6,-8
-65,6,-9
-64,6,-7
-63,5,-5
-65,4,-6
-62,5,-6
-62,5,-5
-64,4,-5
-64,4,-6
-63,6,-6
-65,5,-7
-66,5,-9
-63,7,-7
-65,6,-8
-65,6,-8
-62,7,-5
-69,2,-2
-67,1,-4
-61,5,-3
-67,5,-3
-64,3,-4
-63,6,-3
-64,6,-2
-62,5,1
-65,6,2
-62,7,3
-61,5,4
-63,7,4
-64,7,3
-63,5,3
-63,6,5
-63,6,5
-64,6,5
-65,6,4
-65,6,5
-64,6,5
-64,6,4
-64,6,5
-64,6,5
-63,6,5
-63,6,5
-63,6,6
-63,6,6
-64,6,5
-63,6,5
-64,6,5
-63,6,6
-65,6,3
-63,6,6
-64,6,5
-64,7,5
-63,7,5
-63,6,5
-64,7,5
-64,6,5
-64,6,6
-64,7,5
-63,6,6
-64,6,5
-65,6,5
-63,7,6
-63,5,7
-64,4,5
-63,5,5
-66,4,5
-65,5,6
-62,6,5
-64,6,5
-65,6,4
-64,7,5
-63,6,5
-64,6,5
-64,6,5
-64,6,5
-64,6,4
-64,6,5
-63,6,5
-64,6,5
-64,6,5
-63,6,5
-64,6,4
-64,6,4
-64,6,4
-64,6,4
-63,6,5
-64,6,4
-64,6,4
-64,5,4
-64,6,4
-64,6,4
-63,6,4
-64,6,5
-63,6,4
-64,6,4
-64,6,3
-64,6,2
-64,6,3
-63,6,3
-63,6,3
-63,5,3
-65,4,2
-64,6,1
-63,6,1
-64,5,0
-63,5,1
-64,3,-1
-64,5,0
-64,5,0
-65,5,0
-64,4,0
-64,5,0
-64,5,0
-63,5,1
-63,6,1
-63,6,1
-64,5,0
-63,5,0
-64,5,-1
-64,5,0
-65,5,-1
-65,6,-1
-64,5,-1
-63,5,-2
-66,5,-2
-63,5,-1
-63,5,-1
-63,5,-1
-62,5,0
-63,5,-1
-64,5,-2
-63,5,-2
-63,5,-1
-64,4,-2
-65,5,-2
-62,5,-2
-63,5,-3
-62,5,-4
-67,4,-2
-65,4,0
-66,5,-2
-64,5,-4
-63,6,-4
-63,6,-4
-66,6,-6
-64,6,-5
-61,6,-3
-63,5,-3
-64,5,-4
-64,6,-6
-64,6,-6
-62,6,-5
-64,6,-6
-64,6,-6
-64,5,-6
-65,6,-6
-64,6,-6
-63,6,-6
-64,6,-6
-63,6,-6
-63,6,-6
-63,6,-6
-63,5,-6
-63,5,-7
-63,5,-6
-64,5,-6
-63,5,-6
-63,5,-6
-63,6,-7
-63,5,-6
-64,6,-7
-64,6,-6
-64,6,-8
-64,6,-9
-63,6,-10
-66,4,-11
-67,4,-10
-59,3,-9
-61,6,-10
-66,4,-10
-55,2,-7
-66,4,-15
-69,7,-20
-58,7,-12
-64,2,-14
-67,3,-19
-64,5,-14
-61,9,-15
-64,10,-15
-63,10,-13
-64,8,-12
-60,8,-12
-57,10,-11
-62,10,-12
-63,6,-12
-73,9,-10
-79,3,0
-59,5,-3
-63,12,-13
-61,11,-14
-61,7,-11
-68,3,-6
-71,2,-8
-68,3,-5
-62,2,-8
-64,2,-8
-68,-2,3
-48,12,20
-46,12,26
-32,11,49
-28,11,59
-34,13,58
-34,13,50
-35,10,51
-30,9,58
-28,9,58
-27,8,58
-27,7,59
-29,7,59
-28,7,59
-27,6,57
-26,6,56
-27,6,59
-26,6,59
-28,6,57
-28,6,58
-28,7,57
-26,8,57
-30,7,56
-33,7,54
-32,8,54
-30,6,55
-33,5,54
-32,5,54
-30,3,55
-31,5,54
-29,6,55
-30,6,57
-29,6,57
-30,5,57
-31,5,57
-31,4,59
-33,3,59
-32,3,58
-32,2,57
-28,2,60
-29,2,57
-29,2,58
-30,1,57
-31,1,56
-33,1,55
-33,1,55
-27,1,57
-29,1,57
-29,1,57
-26,0,58
-27,1,57
-28,0,59
-28,0,59
-29,0,60
-28,1,58
-28,0,59
-27,0,59
-28,0,58
-28,0,59
-27,0,58
-27,0,57
-27,0,57
-26,0,58
-28,0,57
-28,0,59
-28,-2,60
-26,0,57
-24,-2,56
-31,-1,62
-25,0,62
-26,0,59
-27,1,56
-27,0,56
-28,0,54
-29,-1,54
-30,-1,56
-30,-1,56
-33,0,56
-33,0,57
-33,0,55
-34,1,56
-34,1,57
-35,2,54
-33,1,57
-34,1,57
-33,1,55
-33,0,55
-33,0,55
-33,0,54
-33,1,53
-33,1,53
-34,2,54
-35,2,55
-35,2,56
-36,1,55
-34,1,55
-35,2,54
-34,2,54
-34,2,53
-34,3,54
-36,2,55
-34,2,54
-32,2,57
-28,2,60
-29,2,59
-27,2,58
-28,1,57
-31,1,59
-29,2,57
-30,1,56
-28,1,58
-30,0,57
-30,-1,59
-15,-2,56
-36,-4,54
-37,-1,67
-28,3,58
-29,5,54
-36,4,54
-29,7,55
-29,6,55
-31,5,55
-30,5,54
-35,6,52
-35,6,56
-36,6,55
-36,7,53
-37,6,53
-36,7,53
-36,7,52
-37,7,51
-37,6,51
-37,6,51
-38,7,52
-38,7,51
-38,6,52
-38,7,53
-35,8,53
-38,9,56
-43,9,55
-39,9,54
-35,9,52
-35,7,56
-34,6,56
-31,7,52
-34,6,52
-33,5,54
-33,6,56
-33,6,52
-32,6,54
-33,6,55
-32,5,54
-32,5,54
-32,4,54
-31,4,55
-32,3,55
-31,4,55
-30,4,55
-29,3,59
-29,4,58
-29,3,59
-27,3,60
-30,2,60
-30,2,60
-28,3,57
-29,2,58
-29,2,58
-31,3,57
-29,3,57
-28,2,57
-30,3,57
-28,2,57
-28,2,57
-29,2,56
-27,1,58
-29,-1,59
-30,3,56
-27,2,55
-31,3,60
-29,4,58
-31,3,56
-28,0,53
-34,-1,57
-33,1,57
-31,1,58
-33,3,57
-32,3,57
-25,3,58
-26,3,56
-23,3,57
-30,0,59
-22,-2,62
-34,-1,57
-34,3,65
-34,6,59
-28,6,56
-27,9,59
-29,9,56
-27,10,55
-28,10,54
-32,10,57
-30,9,58
-28,9,55
-29,7,56
-30,8,57
-28,8,54
-27,8,55
-30,7,56
-28,9,56
-27,9,54
-29,9,56
-29,9,56
-28,10,57
-29,11,56
-29,10,57
-28,11,57
-28,10,57
-27,10,57
-28,10,58
-27,10,57
-28,10,57
-29,10,58
-28,10,57
-28,10,56
-29,9,57
-28,10,57
-29,9,56
-30,10,57
-29,10,56
-28,10,55
-29,10,57
-29,10,57
-28,10,57
-29,10,57
-29,10,57
-29,9,57
-28,9,57
-29,10,58
-29,9,57
-29,10,57
-28,9,57
-29,10,56
-28,10,56
-29,9,57
-28,6,59
-30,6,61
-25,6,53
-43,3,61
-36,6,59
-31,8,55
-29,8,52
-28,9,52
-28,9,50
-33,9,49
-34,8,51
-33,7,54
-35,9,52
-35,9,52
-35,9,56
-36,9,56
-38,9,55
-37,8,58
-39,7,58
-38,9,55
-37,7,54
-37,7,55
-37,7,53
-37,6,53
-36,6,53
-36,6,52
-35,6,53
-35,6,53
-34,7,53
-32,8,53
-32,8,53
-32,8,52
-34,8,55
-34,8,55
-32,7,55
-32,7,56
-33,5,60
-35,7,57
-32,6,56
-33,7,57
-32,7,55
-29,8,54
-30,8,55
-28,8,58
-29,7,56
-27,7,56
-29,6,57
-28,6,58
-29,6,58
-29,6,57
-29,6,55
-28,5,57
-28,5,57
-31,6,56
-29,5,55
-29,6,57
-31,6,57
-28,6,57
-28,6,56
-28,6,59
-29,6,58
-30,5,57
-30,5,57
-31,5,57
-31,5,56
-33,5,54
-33,5,55
-30,4,57
-30,4,56
-29,4,57
-30,3,59
-29,3,59
-27,3,58
-26,3,58
-27,3,60
-27,3,59
-29,2,58
-28,3,58
-29,2,59
-27,2,57
-26,2,58
-25,2,57
-27,2,59
-27,2,58
-28,2,58
-29,2,59
-28,2,60
-26,2,58
-27,2,59
-26,2,59
-27,2,57
-27,1,58
-27,1,58
-28,2,58
-27,2,58
-26,2,58
-26,2,57
-28,2,58
-28,3,59
-28,3,58
-29,3,57
-29,3,58
-28,3,57
-28,3,57
-28,2,57
-30,3,59
-29,3,58
-29,3,57
-28,3,57
-30,3,57
-28,3,57
-29,3,57
-30,3,58
-29,3,58
-29,3,57
-29,3,58
-29,3,58
-29,3,59
-29,2,58
-28,2,57
-27,2,58
-27,2,57
-27,2,58
-27,2,58
-26,2,57
-25,2,59
-27,2,59
-24,0,60
-25,-1,57
-29,-1,60
-29,2,60
-27,2,61
-26,3,56
-25,3,56
-27,3,57
-28,4,60
-28,4,59
-26,3,59
-29,2,58
-24,1,56
-33,1,57
-33,2,61
-28,3,59
-24,3,61
-24,4,61
-24,6,61
-23,6,59
-23,7,59
-26,9,60
-27,8,60
-29,9,57
-27,9,57
-28,8,56
-27,9,56
-29,9,56
-28,10,57
-27,10,55
-28,10,56
-27,10,56
-27,10,56
-27,10,56
-26,10,57
-25,10,58
-25,9,58
-26,9,59
-25,9,60
-25,9,59
-25,8,60
-24,8,59
-25,9,59
-24,10,59
-25,10,60
-23,7,59
-27,5,58
-31,5,57
-31,6,61
-27,9,56
-25,9,54
-29,9,53
-27,10,52
-27,10,52
-27,10,54
-29,10,55
-27,10,56
-28,10,60
-28,10,62
-30,10,62
-29,8,61
-29,7,59
-31,6,58
-31,4,55
-32,4,55
-29,3,56
-28,5,57
-29,5,57
-27,5,59
-27,3,59
-26,2,59
-27,3,60
-27,2,60
-26,1,57
-26,1,60
-26,2,59
-26,1,58
-28,2,60
-27,1,60
-27,2,58
-27,2,59
-27,2,59
-27,2,60
-25,1,60
-25,1,59
-26,0,58
-26,0,58
-26,-1,58
-26,0,58
-25,0,57
-26,1,60
-23,2,59
-23,1,58
-28,1,60
-27,1,60
-27,1,58
-27,1,58
-24,1,58
-25,0,58
-27,1,59
-25,1,59
-26,1,58
-27,1,59
-26,1,59
-25,1,59
-26,1,59
-26,0,58
-27,1,59
-26,1,58
-25,1,59
-24,1,59
-27,0,59
-27,1,61
-26,1,59
-27,1,62
-24,1,61
-27,3,59
-24,1,58
-22,0,61
-18,0,57
-16,-3,58
-13,-5,63
-23,-5,58
-27,-4,60
-29,1,61
-22,1,63
-22,1,58
-20,3,59
-28,4,57
-29,5,58
-27,4,59
-29,4,57
-26,3,57
-29,2,59
-27,2,60
-27,3,62
-27,5,61
-24,7,61
-23,7,61
-26,7,61
-25,7,60
-25,8,57
-26,9,60
-29,7,59
-29,6,56
-26,4,59
-29,4,58
-27,6,56
-26,6,56
-26,7,56
-27,7,55
-26,8,56
-27,9,56
-27,10,59
-27,10,59
-28,10,60
-27,10,59
-27,10,59
-26,10,59
-25,10,57
-25,10,56
-24,9,57
-27,9,57
-28,8,59
-23,6,58
-26,5,57
-32,3,63
-29,9,61
-25,7,59
-22,7,57
-25,7,56
-31,8,54
-28,8,52
-31,6,51
-33,6,50
-31,7,53
-33,6,56
-33,7,57
-32,6,58
-34,5,59
-34,4,59
-33,4,60
-33,5,58
-32,4,57
-32,3,57
-32,2,56
-32,2,56
-31,2,58
-34,3,57
-32,2,56
-33,2,53
-29,2,55
-27,2,57
-29,2,56
-27,2,58
-29,2,57
-28,2,57
-27,2,59
-28,2,57
-29,2,58
-28,1,59
-29,1,58
-27,0,58
-29,0,60
-27,0,61
-27,0,57
-28,0,57
-30,1,57
-28,0,58
-28,0,58
-29,0,58
-28,0,59
-27,1,58
-29,1,57
-28,2,57
-28,1,57
-28,1,59
-28,0,58
-33,2,58
-28,3,61
-29,2,63
-31,3,54
-24,1,56
-22,1,60
-23,0,57
-22,0,59
-25,-1,58
-23,-2,62
-23,-2,60
-18,-2,57
-26,-2,58
-27,0,61
-29,1,61
-26,3,59
-27,3,59
-27,5,57
-25,4,56
-27,4,57
-28,3,59
-29,2,57
-30,1,58
-27,-2,62
-30,0,60
-31,-1,61
-28,5,64
-25,6,63
-27,7,58
-25,9,56
-25,10,58
-28,10,58
-28,12,55
-27,11,57
-29,8,59
-26,8,57
-26,8,56
-26,7,57
-24,6,57
-24,6,55
-26,6,60
-24,7,59
-23,9,57
-26,8,60
-24,8,60
-22,9,57
-25,9,60
-25,9,60
-24,10,59
-25,10,60
-25,10,59
-22,10,57
-24,8,61
-22,7,62
-25,7,61
-26,3,58
-33,5,62
-27,9,62
-26,10,59
-25,9,53
-26,8,52
-27,9,53
-26,9,54
-29,9,55
-29,10,54
-28,10,56
-26,9,58
-27,9,59
-30,9,59
-29,8,60
-29,7,59
-30,6,59
-30,6,60
-29,5,58
-28,4,59
-29,4,59
-28,3,58
-28,2,58
-29,2,58
-29,3,57
-28,3,56
-28,3,57
-29,3,57
-29,3,57
-29,3,56
-29,3,57
-29,3,57
-29,3,57
-30,3,57
-29,2,58
-29,3,57
-29,3,58
-28,3,57
-29,2,58
-29,3,57
-29,3,57
-29,2,56
-30,3,57
-30,3,58
-30,3,56
-32,2,57
-31,3,57
-29,4,56
-27,3,58
-28,2,59
-30,2,60
-27,2,59
-27,1,58
-28,2,56
-28,1,57
-27,2,57
-28,1,59
-27,1,59
-26,1,58
-27,2,59
-26,2,58
-29,2,58
-28,3,57
-27,3,58
-27,3,57
-27,3,59
-28,2,59
-28,1,58
-26,1,58
-27,1,57
-27,2,58
-27,2,58
-27,2,58
-27,2,58
-27,2,58
-28,2,58
-28,2,58
-28,2,58
-27,2,58
-29,2,60
-29,2,59
-27,2,57
-28,3,59
-25,2,59
-26,2,58
-28,2,58
-27,2,60
-27,2,59
-26,2,59
-24,1,58
-21,-1,60
-15,-3,57
-27,-4,57
-32,0,61
-27,1,60
-26,0,57
-30,5,57
-29,6,57
-25,5,56
-31,3,60
-33,3,62
-29,3,59
-29,2,58
-28,1,58
-26,1,56
-27,1,56
-28,2,57
-27,2,58
-26,2,58
-24,2,57
-28,1,58
-30,0,61
-32,2,62
-26,4,61
-23,4,61
-23,6,59
-26,8,56
-23,9,56
-25,8,56
-29,8,58
-35,8,59
-30,9,58
-27,9,56
-28,7,55
-26,7,57
-26,7,57
-28,8,56
-27,8,57
-26,9,57
-26,9,56
-26,8,58
-26,9,59
-25,9,57
-27,9,60
-26,9,59
-25,9,58
-26,9,59
-26,9,59
-26,10,60
-25,10,58
-26,10,58
-26,11,58
-25,11,57
-25,10,57
-27,9,57
-26,7,59
-22,5,60
-29,1,58
-34,3,59
-27,7,61
-25,8,56
-25,9,55
-30,9,52
-31,9,50
-31,10,47
-37,7,50
-38,6,53
-40,6,54
-40,7,57
-43,7,55
-34,8,57
-31,6,57
-33,6,58
-29,5,60
-27,4,60
-28,3,58
-26,2,57
-27,2,59
-27,1,60
-29,1,59
-29,2,59
-27,2,57
-29,2,56
-29,2,57
-30,3,57
-27,2,58
-27,0,56
-28,-2,56
-36,0,63
-32,2,63
-28,4,59
-26,4,56
-26,4,55
-26,5,52
-27,4,52
-27,3,52
-27,2,51
-25,2,50
-20,4,42
-17,-1,32
-21,-4,30
-21,-10,31
-39,-24,48
-40,-29,51
-20,-33,48
-41,-57,43
-35,-61,55
-31,-57,58
-25,-52,47
-27,-52,47
-28,-51,50
-30,-50,52
-25,-50,48
-27,-46,42
-26,-46,43
-22,-44,42
-23,-45,38
-21,-46,38
-19,-47,38
-20,-48,36
-24,-49,36
-20,-51,36
-22,-50,35
-22,-49,35
-23,-49,34
-23,-47,34
-23,-48,35
-24,-48,35
-23,-47,36
-25,-47,35
-23,-47,34
-24,-47,35
-23,-48,36
-25,-48,35
-25,-48,35
-24,-48,33
-25,-48,34
-25,-49,35
-23,-49,33
-23,-49,32
-24,-49,32
-25,-49,32
-22,-48,31
-22,-48,31
-22,-49,27
-20,-49,26
-20,-49,26
-21,-52,26
-23,-54,26
-18,-51,32
-21,-51,32
-20,-52,31
-19,-49,29
-18,-51,30
-16,-48,34
-19,-52,34
-22,-53,31
-23,-54,29
-23,-54,27
-19,-55,26
-18,-54,26
-18,-56,25
-22,-58,15
-20,-59,15
-6,-60,18
-1,-60,24
-9,-64,21
-18,-62,15
-14,-61,18
-14,-61,19
-15,-61,20
-15,-61,20
-15,-61,20
-14,-63,20
-12,-62,17
-10,-61,4
-18,-61,-8
-28,-65,-9
-18,-62,3
-15,-60,10
-14,-61,12
-16,-61,15
-18,-60,13
-19,-59,12
-19,-60,11
-13,-62,13
-6,-61,25
3,-60,28
3,-59,24
-3,-59,23
-5,-57,22
-6,-56,19
-14,-59,12
-14,-60,10
-12,-61,10
-5,-62,14
-3,-64,17
-2,-63,19
-3,-66,20
-4,-63,19
-7,-62,22
-13,-65,26
-11,-69,33
-19,-67,32
-22,-73,51
-24,-73,55
-44,-72,35
-45,-67,37
-45,-65,41
-44,-63,42
-36,-57,45
-21,-56,55
5,-47,66
-29,-38,19
-56,-26,-5
-59,-6,-13
-46,4,-6
-43,7,4
-48,13,-4
-55,9,-14
-44,13,6
-43,27,9
-46,30,3
-28,33,8
-20,50,15
-24,53,10
-21,50,-5
-27,56,-15
-29,61,-8
-34,55,-9
-40,52,-14
-36,50,-20
-22,48,-13
-19,45,-9
-17,40,-1
-17,37,3
-17,34,4
-24,30,1
-25,25,-1
-22,26,-3
-46,6,-16
-75,-4,-14
-66,2,-2
-41,-4,18
-47,-13,25
-66,-19,28
-92,-33,28
-66,-35,43
-54,-39,57
-50,-63,64
-47,-71,62
-51,-62,65
-52,-50,60
-46,-48,50
-54,-40,27
-51,-33,16
-53,-31,8
-43,-28,-3
-42,-31,3
-47,-36,6
-52,-41,8
-48,-40,2
-43,-40,0
-42,-43,-1
-44,-46,-5
-43,-48,-5
-48,-53,-4
-47,-53,-4
-47,-48,-8
-46,-48,-8
-47,-48,-9
-49,-47,-9
-54,-48,-9
-53,-51,-10
-47,-49,-10
-44,-50,-12
-45,-51,-13
-46,-52,-13
-40,-47,-9
-39,-45,-8
-40,-43,-11
-39,-42,-11
-38,-37,-10
-39,-38,-9
-40,-39,-8
-42,-40,-4
-37,-47,14
-39,-56,20
-56,-54,-3
-49,-46,-7
-49,-50,-6
-49,-55,-2
-42,-53,1
-37,-50,3
-41,-52,6
-56,-55,7
-67,-54,2
-65,-43,3
-61,-37,5
-52,-23,8
-46,-19,2
-53,-18,-5
-67,-15,-16
-66,-20,-11
-59,-26,-4
-49,-31,7
-38,-30,14
-40,-31,13
-57,-28,2
-54,-24,-12
-53,-23,-15
-68,-22,-24
-62,-17,-28
-57,-16,-28
-56,-17,-16
-55,-21,-9
-58,-13,-20
-61,-3,-25
-58,-3,-21
-55,-5,-22
-57,-4,-24
-58,-4,-24
-59,-4,-26
-61,-5,-25
-58,-7,-21
-58,-10,-19
-62,-11,-11
-70,-10,-18
-61,-6,-9
-68,-5,-20
-63,-4,-20
-54,-7,-14
-59,-6,-16
-62,-6,-18
-59,-7,-19
-58,-5,-19
-60,-6,-18
-61,-7,-21
-60,-6,-17
-61,-9,-20
-59,-7,-20
-57,-7,-18
-62,-9,-22
-58,-8,-19
-57,-9,-15
-60,-12,-13
-59,-12,-16
-58,-11,-15
-60,-12,-15
-62,-12,-15
-61,-11,-13
-60,-9,-24
-64,-8,-33
-66,-8,-30
-57,-10,-3
-57,-16,3
-74,-21,-13
-63,-6,-14
-59,-2,-16
-62,-6,-24
-56,-4,-21
-61,-3,-23
-66,-6,-17
-62,-4,-14
-60,-2,-8
-61,-1,-6
-60,-1,-11
-55,-4,2
-59,-15,5
-66,-16,3
-62,-11,2
-60,-15,3
-65,-14,-1
-65,-9,-1
-63,-7,2
-65,-8,1
-60,-5,-3
-54,0,-11
-57,0,-16
-65,-2,-33
-61,-2,-33
-57,-3,-32
-58,-3,-30
-60,-1,-31
-58,0,-32
-58,1,-31
-53,1,-30
-55,1,-29
-56,2,-35
-56,2,-26
-49,-2,-23
-66,-1,-31
-64,2,-32
-54,-4,-23
-59,-6,-25
-62,-4,-27
-59,-3,-27
-60,-6,-21
-61,-6,-21
-64,-3,-22
-63,-4,-21
-58,-6,-17
-58,-7,-23
-59,-6,-28
-60,0,-21
-60,-6,-19
-62,-2,-19
-63,0,-19
-65,0,-20
-63,0,-17
-63,-2,-15
-65,-2,-15
-64,-4,-13
-59,-1,-25
-57,2,-26
-45,-3,-9
-65,-21,-9
-61,-19,-11
-63,-5,-18
-59,-8,-15
-60,-8,-18
-61,-5,-20
-59,-3,-18
-60,-3,-19
-65,-3,-22
-62,1,-19
-58,1,-15
-56,-1,-16
-66,-2,-10
-64,-8,-17
-59,-11,-8
-63,-9,-3
-72,-10,-8
-63,-12,-6
-61,-9,-8
-65,-5,-10
